date,close,nifty100_return
2022-01-04,18030.94921875,0.008780867111446877
2022-01-05,18147.5,0.0064639293159787226
2022-01-06,17985.599609375,-0.008921360552417656
2022-01-07,18053.94921875,0.003800240795940546
2022-01-10,18229.099609375,0.009701500126249263
2022-01-11,18275.150390625,0.0025262235786081
2022-01-12,18430.25,0.008486912887708087
2022-01-13,18482.44921875,0.002832257769156632
2022-01-14,18485.69921875,0.00017584249584756684
2022-01-17,18543.19921875,0.0031105125816219825
2022-01-18,18331.69921875,-0.011405798832498149
2022-01-19,18179.69921875,-0.00829164815471839
2022-01-20,18021.099609375,-0.00872399523592915
2022-01-21,17856.150390625,-0.009153116198535982
2022-01-24,17353.44921875,-0.028152830306521825
2022-01-25,17489.150390625,0.007819838590265915
2022-01-27,17302.349609375,-0.01068095230916044
2022-01-28,17314.69921875,0.0007137533140764152
2022-01-31,17547.400390625,0.013439515693290716
2022-02-01,17796.25,0.014181565578679889
2022-02-02,17998.75,0.011378801713844311
2022-02-03,17794.69921875,-0.011336941801514011
2022-02-04,17755.30078125,-0.0022140547033515645
2022-02-07,17477.650390625,-0.015637605583015857
2022-02-08,17509.80078125,0.0018395144602643132
2022-02-09,17707.849609375,0.011310741372744681
2022-02-10,17842.900390625,0.007626605388522112
2022-02-11,17606.599609375,-0.013243406401246105
2022-02-14,17060.69921875,-0.031005441296814817
2022-02-15,17560.55078125,0.029298421834355715
2022-02-16,17530.650390625,-0.0017027023239456485
2022-02-17,17524.44921875,-0.00035373313236086723
2022-02-18,17472.900390625,-0.0029415377043545687
2022-02-21,17379.099609375,-0.005368357808548385
2022-02-22,17276.5,-0.005903620537375476
2022-02-23,17273.44921875,-0.00017658560761724118
2022-02-24,16428.05078125,-0.048942074440021854
2022-02-25,16872.349609375,0.027045133597474402
2022-02-28,17016.55078125,0.008546596959730923
2022-03-02,16855.69921875,-0.009452653746800266
2022-03-03,16761.599609375,-0.00558265831359428
2022-03-04,16482.849609375,-0.01663027434709108
2022-03-07,16086.9501953125,-0.024018869518612984
2022-03-08,16251.650390625,0.010238124275444793
2022-03-09,16571.55078125,0.019684178710215106
2022-03-10,16835.5,0.015927852633360606
2022-03-11,16877.69921875,0.002506561655430506
2022-03-14,17076.599609375,0.011784804791640902
2022-03-15,16873.44921875,-0.011896419385125756
2022-03-16,17198.0,0.019234406495226564
2022-03-17,17505.400390625,0.017874194128677745
2022-03-21,17323.650390625,-0.01038251030792392
2022-03-22,17499.19921875,0.01013347788523844
2022-03-23,17446.05078125,-0.003037192550105483
2022-03-24,17429.94921875,-0.0009229345197885319
2022-03-25,17370.5,-0.003410751116018629
2022-03-28,17422.150390625,0.0029734544558301934
2022-03-29,17523.599609375,0.005823002125190602
2022-03-30,17684.30078125,0.009170557160472104
2022-03-31,17660.349609375,-0.0013543748306065195
2022-04-01,17879.5,0.012409176232200059
2022-04-04,18256.099609375,0.02106320698984865
2022-04-05,18195.099609375,-0.003341348990486215
2022-04-06,18075.099609375,-0.006595182360978669
2022-04-07,17920.80078125,-0.008536540957426841
2022-04-08,18089.30078125,0.009402481622154735
2022-04-11,18032.400390625,-0.003145527365213563
2022-04-12,17877.55078125,-0.008587298752278483
2022-04-13,17835.19921875,-0.00236898012586928
2022-04-18,17565.94921875,-0.015096551302714922
2022-04-19,17330.400390625,-0.013409399355064355
2022-04-20,17496.650390625,0.009592969363243053
2022-04-21,17750.19921875,0.014491278185500889
2022-04-22,17541.099609375,-0.011780127467759471
2022-04-25,17300.349609375,-0.013724909233816196
2022-04-26,17577.80078125,0.016037315900520932
2022-04-27,17398.55078125,-0.01019752142095065
2022-04-28,17615.400390625,0.012463659307112795
2022-04-29,17457.19921875,-0.00898084450917136
2022-05-02,17419.44921875,-0.002162431643642715
2022-05-04,17004.05078125,-0.023846818133197445
2022-05-05,17016.599609375,0.0007379905109927698
2022-05-06,16729.55078125,-0.016868753729555652
2022-05-09,16581.80078125,-0.008831677666180648
2022-05-10,16466.25,-0.006968530304661491
2022-05-11,16399.69921875,-0.004041647688453609
2022-05-12,16023.900390625,-0.02291498295867178
2022-05-13,15986.5,-0.0023340378879840307
2022-05-16,16079.0,0.005786132048916315
2022-05-17,16498.5,0.02608993096585599
2022-05-18,16485.80078125,-0.0007697195957208081
2022-05-19,16047.349609375,-0.02659568544426849
2022-05-20,16476.69921875,0.02675517265007854
2022-05-23,16409.75,-0.00406326642619137
2022-05-24,16312.2998046875,-0.005938554536936924
2022-05-25,16187.150390625,-0.007672088887585082
2022-05-26,16341.900390625,0.009560052032977051
2022-05-27,16516.80078125,0.010702573534552728
2022-05-30,16838.150390625,0.019455923312933443
2022-05-31,16767.5,-0.004195852215712281
2022-06-01,16688.94921875,-0.00468470441329949
2022-06-02,16794.75,0.006339571165519198
2022-06-03,16721.5,-0.004361482010747375
2022-06-06,16701.19921875,-0.0012140526418084052
2022-06-07,16550.69921875,-0.00901132894882406
2022-06-08,16492.19921875,-0.003534593869830349
2022-06-09,16616.400390625,0.007530904170366615
2022-06-10,16353.5,-0.015821741438857506
2022-06-13,15936.0498046875,-0.02552665761534223
2022-06-14,15905.599609375,-0.0019107743566126878
2022-06-15,15874.900390625,-0.001930088742577496
2022-06-16,15543.349609375,-0.020885219629207863
2022-06-17,15445.7998046875,-0.006275983435942489
2022-06-20,15481.9501953125,0.002340467381561462
2022-06-21,15793.150390625,0.020100839454109787
2022-06-22,15555.2998046875,-0.015060363515482678
2022-06-23,15704.7998046875,0.009610872299288475
2022-06-24,15858.2998046875,0.009774081930938427
2022-06-27,15990.2998046875,0.008323717020470411
2022-06-28,16008.849609375,0.0011600660972010957
2022-06-29,15952.75,-0.003504287362543934
2022-06-30,15929.400390625,-0.0014636729952516303
2022-07-01,15925.9501953125,-0.00021659291799402958
2022-07-04,16018.150390625,0.005789305767114339
2022-07-05,16001.599609375,-0.0010332517079928438
2022-07-06,16196.25,0.012164433267718877
2022-07-07,16339.099609375,0.008819918769777058
2022-07-08,16424.0,0.005196148665149503
2022-07-11,16465.099609375,0.002502411676509997
2022-07-12,16323.5,-0.008599984982439746
2022-07-13,16237.25,-0.0052837933041320895
2022-07-14,16213.0498046875,-0.00149041218879431
2022-07-15,16317.2001953125,0.006423861758253935
2022-07-18,16548.150390625,0.014153788183517202
2022-07-19,16614.05078125,0.00398234177653678
2022-07-20,16773.69921875,0.009609242177119892
2022-07-21,16881.69921875,0.006438651283270591
2022-07-22,16970.69921875,0.005271981146373506
2022-07-25,16892.099609375,-0.004631489154445667
2022-07-26,16733.30078125,-0.009400775024844599
2022-07-27,16889.55078125,0.009337667567362429
2022-07-28,17169.69921875,0.01658708636650119
2022-07-29,17400.75,0.013456891603417453
2022-08-01,17598.80078125,0.011381738215306747
2022-08-02,17618.25,0.0011051445488672318
2022-08-03,17646.0,0.0015750713039035524
2022-08-04,17652.94921875,0.0003938126912614859
2022-08-05,17655.5,0.0001444960396357331
2022-08-08,17784.80078125,0.007323541176970316
2022-08-10,17784.900390625,5.6008147757413695e-06
2022-08-11,17913.94921875,0.00725608945175904
2022-08-12,17956.80078125,0.002392077926353986
2022-08-16,18107.25,0.008378397721441333
2022-08-17,18235.55078125,0.007085602797222146
2022-08-18,18264.400390625,0.0015820530852659331
2022-08-19,18071.099609375,-0.010583472608781674
2022-08-22,17792.44921875,-0.015419669895485488
2022-08-23,17878.400390625,0.004830766738084691
2022-08-24,17917.30078125,0.00217583171732727
2022-08-25,17847.650390625,-0.003887326080828424
2022-08-26,17893.80078125,0.0025857964278166445
2022-08-29,17666.44921875,-0.012705604878435306
2022-08-30,18112.400390625,0.025242829860892213
2022-09-01,17924.30078125,-0.01038512871393682
2022-09-02,17916.0,-0.000463102095379031
2022-09-05,18021.650390625,0.005896985411085076
2022-09-06,18031.30078125,0.0005354887269382047
2022-09-07,18008.099609375,-0.001286716480217831
2022-09-08,18168.849609375,0.008926538806810713
2022-09-09,18198.099609375,0.0016098982945462748
2022-09-12,18319.80078125,0.006687575872609486
2022-09-13,18453.69921875,0.007308946156065366
2022-09-14,18405.599609375,-0.0026065022955467088
2022-09-15,18316.900390625,-0.00481914312124998
2022-09-16,17938.099609375,-0.020680397511135595
2022-09-19,18025.25,0.004858395957365147
2022-09-20,18222.099609375,0.010920769996255242
2022-09-21,18091.900390625,-0.007145127155545494
2022-09-22,18030.400390625,-0.0033993112206094356
2022-09-23,17718.44921875,-0.017301400141796153
2022-09-26,17374.80078125,-0.019394950046550563
2022-09-27,17366.400390625,-0.00048348126293717986
2022-09-28,17219.55078125,-0.008455961285694813
2022-09-29,17167.75,-0.0030082539264848496
2022-09-30,17438.599609375,0.01577665153412644
2022-10-03,17190.900390625,-0.01420407740864904
2022-10-04,17589.30078125,0.023175074113178207
2022-10-06,17662.80078125,0.004178676623595612
2022-10-07,17641.44921875,-0.001208843533052062
2022-10-10,17553.150390625,-0.005005191298635081
2022-10-11,17285.849609375,-0.015228080162337343
2022-10-12,17423.400390625,0.007957420917014124
2022-10-13,17302.150390625,-0.006959031950229511
2022-10-14,17432.55078125,0.007536658026950027
2022-10-17,17560.5,0.0073396727969161635
2022-10-18,17741.19921875,0.010290095313345349
2022-10-19,17756.25,0.0008483519667652484
2022-10-20,17829.44921875,0.00412244808166129
2022-10-21,17808.80078125,-0.0011581085453994389
2022-10-24,17951.30078125,0.008001661748613165
2022-10-25,17887.400390625,-0.0035596523841738836
2022-10-27,17989.0,0.005679953886885025
2022-10-28,18017.19921875,0.001567581230196291
2022-10-31,18243.400390625,0.012554735568422792
2022-11-01,18383.19921875,0.007662980866047331
2022-11-02,18322.400390625,-0.0033073039899925716
2022-11-03,18297.400390625,-0.0013644500429534911
2022-11-04,18361.44921875,0.0035004332177053232
2022-11-07,18450.150390625,0.004830837196903914
2022-11-09,18406.25,-0.0023794055709869255
2022-11-10,18267.099609375,-0.007559953310696144
2022-11-11,18573.349609375,0.016765113594871206
2022-11-14,18568.400390625,-0.00026646883056047344
2022-11-15,18635.400390625,0.003608280659104457
2022-11-16,18615.5,-0.001067881033294693
2022-11-17,18532.44921875,-0.004461377951169743
2022-11-18,18483.19921875,-0.002657500874205687
2022-11-21,18334.650390625,-0.008036965157758313
2022-11-22,18407.5,0.003973329614850529
2022-11-23,18433.80078125,0.0014288078908053503
2022-11-24,18627.25,0.010494266540341801
2022-11-25,18652.05078125,0.0013314247272142588
2022-11-28,18696.75,0.0023964774315827775
2022-11-29,18758.349609375,0.003294669360985214
2022-11-30,18919.55078125,0.008593569009633706
2022-12-01,18973.05078125,0.0028277627000012906
2022-12-02,18870.25,-0.005418252574941329
2022-12-05,18867.650390625,-0.00013776231766937652
2022-12-06,18821.55078125,-0.0024433147965210456
2022-12-07,18754.0,-0.003589012512045131
2022-12-08,18802.0,0.0025594539831501617
2022-12-09,18687.650390625,-0.006081779032815704
2022-12-12,18690.80078125,0.00016858141923403736
2022-12-13,18781.650390625,0.004860659018212754
2022-12-14,18837.25,0.002960315425887927
2022-12-15,18604.44921875,-0.012358533291749074
2022-12-16,18446.30078125,-0.008500570785004213
2022-12-19,18604.5,0.008576202926865673
2022-12-20,18570.400390625,-0.001832868895966011
2022-12-21,18361.150390625,-0.011267931525355657
2022-12-22,18277.849609375,-0.004536795324792564
2022-12-23,17888.05078125,-0.021326295841993637
2022-12-27,18263.55078125,0.02099166670488173
2022-12-28,18270.94921875,0.00040509305055813627
2022-12-29,18343.599609375,0.003976278941788314
2022-12-30,18258.75,-0.004625570290557102
2023-01-02,18334.30078125,0.004137784966112168
2023-01-03,18376.5,0.0023016541101559262
2023-01-04,18173.44921875,-0.011049480654640398
2023-01-05,18150.0,-0.0012903009477037708
2023-01-06,18013.94921875,-0.007495910812672202
2023-01-09,18248.55078125,0.013023327625227843
2023-01-10,18081.0,-0.00918159382947581
2023-01-11,18054.30078125,-0.0014766450279298793
2023-01-12,18028.30078125,-0.0014401000800320363
2023-01-13,18126.25,0.005433081017367503
2023-01-16,18074.19921875,-0.002871569202123947
2023-01-17,18216.400390625,0.007867633312765632
2023-01-18,18307.400390625,0.004995498454614111
2023-01-19,18244.75,-0.003422134726298043
2023-01-20,18169.44921875,-0.0041272574987325505
2023-01-23,18249.349609375,0.0043975130816042984
2023-01-24,18245.349609375,-0.00021918589350411466
2023-01-25,17974.349609375,-0.014853099874871822
2023-01-27,17594.5,-0.0211328708759998
2023-01-30,17571.849609375,-0.0012873563116314601
2023-01-31,17601.0,0.00165892556976166
2023-02-01,17516.150390625,-0.004820726627748462
2023-02-02,17490.30078125,-0.0014757585884187518
2023-02-03,17687.349609375,0.011266177213844264
2023-02-06,17611.44921875,-0.004291224649326186
2023-02-07,17569.69921875,-0.0023706169481810813
2023-02-08,17719.849609375,0.00854598526449224
2023-02-09,17723.849609375,0.00022573555014160362
2023-02-10,17685.44921875,-0.00216659424850274
2023-02-13,17575.150390625,-0.00623669926393855
2023-02-14,17702.349609375,0.007237446959079907
2023-02-15,17786.900390625,0.004776246267626627
2023-02-16,17814.900390625,0.0015741922080341197
2023-02-17,17721.05078125,-0.005268040085387615
2023-02-20,17626.900390625,-0.005312912410623927
2023-02-21,17604.400390625,-0.0012764581123954066
2023-02-22,17335.0,-0.015303014283205352
2023-02-23,17286.30078125,-0.0028093001874819334
2023-02-24,17242.150390625,-0.0025540681713052127
2023-02-27,17156.150390625,-0.004987776933366717
2023-02-28,17083.80078125,-0.0042171237560691965
2023-03-01,17238.44921875,0.009052343765898474
2023-03-02,17129.650390625,-0.006311404624881334
2023-03-03,17385.94921875,0.01496229183201958
2023-03-06,17506.30078125,0.006922346372103982
2023-03-08,17552.94921875,0.002664665601425309
2023-03-09,17398.30078125,-0.008810396223035033
2023-03-10,17244.30078125,-0.008851439110994397
2023-03-13,16997.30078125,-0.014323572937707474
2023-03-14,16887.05078125,-0.006486324000432919
2023-03-15,16825.05078125,-0.0036714522152583307
2023-03-16,16852.25,0.001616590588856326
2023-03-17,16964.80078125,0.0066786797756976934
2023-03-20,16852.900390625,-0.00659603328491043
2023-03-21,16970.5,0.006978004180242969
2023-03-22,17026.19921875,0.00328212007601425
2023-03-23,16958.150390625,-0.003996712786613066
2023-03-24,16831.80078125,-0.00745067159239543
2023-03-27,16849.30078125,0.001039698617363305
2023-03-28,16795.349609375,-0.003201982834506567
2023-03-29,16918.05078125,0.007305663456181222
2023-03-31,17186.150390625,0.015846956179616845
2023-04-03,17224.75,0.0022459718143776897
2023-04-05,17373.94921875,0.008661909098825804
2023-04-06,17414.650390625,0.0023426551650718164
2023-04-10,17446.30078125,0.0018174577103218237
2023-04-11,17540.80078125,0.005416621046770098
2023-04-12,17626.900390625,0.004908533564045525
2023-04-13,17635.150390625,0.0004680346412115899
2023-04-17,17543.44921875,-0.005199908696199684
2023-04-18,17510.849609375,-0.0018582212065890724
2023-04-19,17455.44921875,-0.0031637751371778045
2023-04-20,17459.849609375,0.0002520926599971496
2023-04-21,17455.25,-0.00026343923217586607
2023-04-24,17564.400390625,0.006253155390212095
2023-04-25,17600.05078125,0.0020296958525283237
2023-04-26,17645.55078125,0.0025852198135969395
2023-04-27,17739.94921875,0.0053497019543480295
2023-04-28,17903.94921875,0.009244671333481724
2023-05-02,17989.30078125,0.004767191945038274
2023-05-03,17941.099609375,-0.0026794355412211868
2023-05-04,18099.75,0.008842846541139426
2023-05-05,17939.25,-0.008867525794555187
2023-05-08,18118.5,0.009992056524102289
2023-05-09,18114.05078125,-0.00024556220161708886
2023-05-10,18170.849609375,0.0031356226617069716
2023-05-11,18174.25,0.00018713437720840886
2023-05-12,18181.94921875,0.00042363336863959766
2023-05-15,18258.099609375,0.004188241299589057
2023-05-16,18162.25,-0.005249703497388292
2023-05-17,18056.69921875,-0.0058115476469049465
2023-05-18,17985.75,-0.003929246308557177
2023-05-19,18060.349609375,0.004147706343911262
2023-05-22,18180.900390625,0.006674886359199883
2023-05-23,18219.80078125,0.0021396294896955936
2023-05-24,18170.0,-0.0027333329188347077
2023-05-25,18213.599609375,0.0023995382154651246
2023-05-26,18393.05078125,0.009852592333402965
2023-05-29,18490.25,0.005284562083038846
2023-05-30,18516.94921875,0.0014439620205244363
2023-05-31,18438.30078125,-0.004247375556895805
2023-06-01,18405.69921875,-0.0017681435446129656
2023-06-02,18457.0,0.002787222622748331
2023-06-05,18513.849609375,0.0030801110351086347
2023-06-06,18527.849609375,0.0007561906516142525
2023-06-07,18659.650390625,0.007113657765405623
2023-06-08,18562.94921875,-0.005182367828476808
2023-06-09,18502.099609375,-0.003278014105298377
2023-06-12,18545.80078125,0.002361957442541085
2023-06-13,18668.0,0.006589050545261044
2023-06-14,18705.25,0.0019953931862009
2023-06-15,18653.599609375,-0.002761277749562252
2023-06-16,18798.55078125,0.007770680989751089
2023-06-19,18732.80078125,-0.003497610042662469
2023-06-20,18794.599609375,0.003298963611829686
2023-06-21,18827.80078125,0.0017665272240456886
2023-06-22,18722.69921875,-0.005582253802295711
2023-06-23,18595.75,-0.006780497687153275
2023-06-26,18632.75,0.001989701948025724
2023-06-27,18751.30078125,0.006362495136251978
2023-06-28,18901.19921875,0.007994028747589033
2023-06-30,19099.55078125,0.010494125806749688
2023-07-03,19223.849609375,0.006507945110783675
2023-07-04,19270.55078125,0.0024293350616009235
2023-07-05,19297.94921875,0.0014217776030904794
2023-07-06,19397.099609375,0.005137871879601796
2023-07-07,19233.599609375,-0.008429095240660489
2023-07-10,19239.80078125,0.00032241348478412313
2023-07-11,19333.599609375,0.004875249447302554
2023-07-12,19293.69921875,-0.0020637848838894746
2023-07-13,19304.849609375,0.0005779291207237414
2023-07-14,19454.0,0.007726058148237014
2023-07-17,19584.80078125,0.006723593155649299
2023-07-18,19605.849609375,0.001074753241562254
2023-07-19,19690.69921875,0.004327770082171112
2023-07-20,19811.900390625,0.006155249771912175
2023-07-21,19602.599609375,-0.010564397010043636
2023-07-24,19540.44921875,-0.0031705177814924657
2023-07-25,19566.900390625,0.0013536624249979035
2023-07-26,19662.0,0.004860228624691265
2023-07-27,19566.69921875,-0.004846952560777162
2023-07-28,19580.650390625,0.0007130058943018991
2023-07-31,19679.349609375,0.005040650682229364
2023-08-01,19659.849609375,-0.000990886405651814
2023-08-02,19447.099609375,-0.010821547683587007
2023-08-03,19310.900390625,-0.00700357490246728
2023-08-04,19448.75,0.0071384351110796995
2023-08-07,19521.849609375,0.003758576225978638
2023-08-08,19497.44921875,-0.0012499015776292755
2023-08-09,19554.75,0.002938886036174093
2023-08-10,19463.099609375,-0.004686860769122614
2023-08-11,19359.0,-0.005348562739968532
2023-08-14,19330.80078125,-0.001456646456428512
2023-08-16,19358.05078125,0.0014096674166974577
2023-08-17,19264.599609375,-0.004827509387748674
2023-08-18,19209.349609375,-0.0028679547522552085
2023-08-21,19303.400390625,0.004896093993942419
2023-08-22,19325.44921875,0.0011422250836028436
2023-08-23,19362.55078125,0.0019198292407094364
2023-08-24,19323.349609375,-0.002024587169215386
2023-08-25,19193.900390625,-0.006699108662154285
2023-08-28,19243.650390625,0.0025919692708367137
2023-08-29,19291.25,0.002473522871637046
2023-08-30,19307.5,0.0008423508067127994
2023-08-31,19204.80078125,-0.005319136022271187
2023-09-01,19382.94921875,0.009276245014419926
2023-09-04,19485.5,0.0052907728381601515
2023-09-05,19531.19921875,0.00234529361576552
2023-09-06,19578.25,0.0024090062634163356
2023-09-07,19690.5,0.005733403138687088
2023-09-08,19789.30078125,0.005017687780909608
2023-09-11,19970.80078125,0.009171622686738212
2023-09-12,19905.19921875,-0.0032848739125970194
2023-09-13,19977.80078125,0.003647366786041051
2023-09-14,20024.80078125,0.002352611306651431
2023-09-15,20108.400390625,0.004174803549270578
2023-09-18,20056.150390625,-0.0025984165316481622
2023-09-20,19832.599609375,-0.011146245759829143
2023-09-21,19674.80078125,-0.007956537782893958
2023-09-22,19614.19921875,-0.0030801614295252744
2023-09-25,19606.849609375,-0.0003747086125226451
2023-09-26,19606.05078125,-4.074229878414659e-05
2023-09-27,19654.94921875,0.002494048293844253
2023-09-28,19451.650390625,-0.010343391166386828
2023-09-29,19577.05078125,0.006446773826730867
2023-10-03,19492.69921875,-0.00430869610762763
2023-10-04,19376.25,-0.005973991464352291
2023-10-05,19476.05078125,0.005150675762854107
2023-10-06,19584.44921875,0.005565729865746549
2023-10-09,19428.900390625,-0.007942466310264074
2023-10-10,19616.55078125,0.009658312454756679
2023-10-11,19736.80078125,0.006130027716948927
2023-10-12,19728.099609375,-0.0004408602980512377
2023-10-13,19691.69921875,-0.001845103752806554
2023-10-16,19680.650390625,-0.000561090640389228
2023-10-17,19758.900390625,0.003975986486568273
2023-10-18,19611.349609375,-0.007467560356749781
2023-10-19,19562.30078125,-0.0025010429726648464
2023-10-20,19468.400390625,-0.004800068850541406
2023-10-23,19189.099609375,-0.01434636516847565
2023-10-25,19034.400390625,-0.00806182790746579
2023-10-26,18780.599609375,-0.01333379439548854
2023-10-27,18996.099609375,0.011474607013741256
2023-10-30,19080.849609375,0.004461442177223329
2023-10-31,19035.349609375,-0.002384589833863804
2023-11-01,18942.30078125,-0.004888212196490049
2023-11-02,19107.25,0.008707982238001177
2023-11-03,19222.099609375,0.00601078697222257
2023-11-06,19399.099609375,0.009208151221611338
2023-11-07,19416.80078125,0.0009124738895842643
2023-11-08,19470.099609375,0.0027449850634748696
2023-11-09,19413.80078125,-0.00289155316380052
2023-11-10,19444.80078125,0.0015968022104120294
2023-11-13,19475.69921875,0.0015890333795445244
2023-11-15,19698.400390625,0.011434822923358512
2023-11-16,19785.849609375,0.004439407110011784
2023-11-17,19773.44921875,-0.0006267302577254164
2023-11-20,19730.69921875,-0.002161990026477656
2023-11-21,19806.400390625,0.0038367201808571227
2023-11-22,19818.900390625,0.0006311091239938893
2023-11-23,19819.400390625,2.5228443059077676e-05
2023-11-24,19812.099609375,-0.00036836539482054675
2023-11-28,19938.400390625,0.006374931670050543
2023-11-29,20136.19921875,0.009920496341221163
2023-11-30,20201.0,0.003218123765365899
2023-12-01,20339.44921875,0.006853582434037886
2023-12-04,20757.94921875,0.02057577840476643
2023-12-05,20949.25,0.009215784239283265
2023-12-06,21074.150390625,0.005962045926465098
2023-12-07,21076.349609375,0.00010435622358362373
2023-12-08,21107.19921875,0.0014637074230956504
2023-12-11,21161.69921875,0.0025820574030299692
2023-12-12,21058.25,-0.004888511913936466
2023-12-13,21099.599609375,0.001963582414255649
2023-12-14,21364.30078125,0.012545317293954028
2023-12-15,21595.5,0.010821754529542371
2023-12-18,21585.25,-0.00047463591952023876
2023-12-19,21622.94921875,0.0017465268528278344
2023-12-20,21267.349609375,-0.01644547215911918
2023-12-21,21402.150390625,0.006338391183007497
2023-12-22,21508.849609375,0.004985443836369674
2023-12-26,21617.05078125,0.005030542025261875
2023-12-27,21815.44921875,0.009177867948207075
2023-12-28,21931.75,0.005331120165521952
2023-12-29,21918.80078125,-0.0005904325350234441
2024-01-02,21865.25,-0.0024431437551916124
2024-01-03,21771.400390625,-0.004292180943506252
2024-01-04,21934.400390625,0.007486886331399711
2024-01-05,21974.599609375,0.0018327019674164724
2024-01-08,21770.75,-0.009276601758333336
2024-01-09,21815.150390625,0.0020394515864174956
2024-01-10,21885.80078125,0.0032385928751315074
2024-01-11,21942.150390625,0.0025747108793605644
2024-01-12,22159.25,0.009894181085722487
2024-01-15,22338.75,0.008100454663402479
2024-01-16,22274.599609375,-0.0028717090537743184
2024-01-17,21839.94921875,-0.019513275131646468
2024-01-18,21730.099609375,-0.005029755713932382
2024-01-19,21916.0,0.008554971857781979
2024-01-23,21506.80078125,-0.018671254733984344
2024-01-24,21746.0,0.011122026989645928
2024-01-25,21666.5,-0.003655844753058024
2024-01-29,22041.599609375,0.01731242283594492
2024-01-30,21846.19921875,-0.008865073047688021
2024-01-31,22051.55078125,0.009399875943809644
2024-02-01,22039.599609375,-0.0005419651431118888
2024-02-02,22199.0,0.007232454012331413
2024-02-05,22113.400390625,-0.0038560119543673554
2024-02-06,22299.30078125,0.008406684966632882
2024-02-07,22363.69921875,0.0028879128602161686
2024-02-08,22202.75,-0.007196896058012547
2024-02-09,22247.55078125,0.0020178032563533677
2024-02-12,22042.099609375,-0.009234777072546385
2024-02-13,22181.599609375,0.006328798184936479
2024-02-14,22313.400390625,0.0059418970485021205
2024-02-15,22405.55078125,0.004129822842408037
2024-02-16,22540.900390625,0.006040896325042233
2024-02-20,22685.650390625,0.006421660070872859
2024-02-21,22547.599609375,-0.006085379033569649
2024-02-22,22725.400390625,0.00788557470996043
2024-02-23,22734.30078125,0.0003916494526834402
2024-02-26,22667.75,-0.0029273291442016847
2024-02-27,22722.30078125,0.002406537095653416
2024-02-28,22457.650390625,-0.011647165186871589
2024-02-29,22526.30078125,0.003056882150666018
2024-03-01,22862.05078125,0.014904799649992473
2024-03-04,22944.80078125,0.003619535307299193
2024-03-05,22900.650390625,-0.0019242002162458416
2024-03-06,22988.349609375,0.0038295514430410904
2024-03-07,23036.05078125,0.0020750150700485914
2024-03-11,22895.44921875,-0.00610354456304818
2024-03-12,22840.900390625,-0.0023825183600384436
2024-03-13,22399.0,-0.01934689014301627
2024-03-14,22623.69921875,0.010031662964864463
2024-03-15,22494.69921875,-0.005701985283338984
2024-03-18,22541.150390625,0.002064983017700417
2024-03-19,22274.650390625,-0.01182282161210546
2024-03-20,22307.75,0.001485976605448025
2024-03-21,22538.900390625,0.010361887264515701
2024-03-22,22633.80078125,0.00421051555223495
2024-03-26,22601.349609375,-0.001433748232947396
2024-03-27,22698.5,0.004298433160146331
2024-03-28,22920.69921875,0.009789158699914147
2024-04-01,23107.150390625,0.00813461972060936
2024-04-02,23138.55078125,0.0013589036334717974
2024-04-03,23136.599609375,-8.432558691540137e-05
2024-04-04,23206.0,0.0029995933627549043
2024-04-05,23240.55078125,0.0014888727592001771
2024-04-08,23380.30078125,0.006013196559556011
2024-04-09,23348.900390625,-0.0013430276590017387
2024-04-10,23474.69921875,0.005387783836514615
2024-04-12,23254.900390625,-0.009363222338944377
2024-04-15,22967.099609375,-0.012375919759519793
2024-04-16,22870.30078125,-0.004214673588365803
2024-04-18,22740.19921875,-0.005688668625060789
2024-04-19,22859.80078125,0.005259477340083585
2024-04-22,23078.900390625,0.009584493385205173
2024-04-23,23116.0,0.0016075120021779021
2024-04-24,23167.80078125,0.0022409059201418113
2024-04-25,23329.80078125,0.006992463442240471
2024-04-26,23232.099609375,-0.004187827096814423
2024-04-29,23443.80078125,0.009112442501304052
2024-04-30,23436.5,-0.0003114162809231269
2024-05-02,23541.30078125,0.0044716907921404925
2024-05-03,23382.75,-0.006735005118165827
2024-05-06,23297.75,-0.0036351583966812706
2024-05-07,23103.75,-0.008326984365442991
2024-05-08,23166.0,0.002694367797435371
2024-05-09,22790.19921875,-0.01622208327937491
2024-05-10,22909.099609375,0.005217172060838271
2024-05-13,22956.349609375,0.002062499216715752
2024-05-14,23118.19921875,0.0070503199388853854
2024-05-15,23133.849609375,0.0006769727380975255
2024-05-16,23343.55078125,0.009064689855596608
2024-05-17,23444.30078125,0.004315967221273143
2024-05-21,23569.900390625,0.005357362138752819
2024-05-22,23633.900390625,0.0027153275550308997
2024-05-23,23982.349609375,0.014743618826802862
2024-05-24,23980.099609375,-9.381899758142964e-05
2024-05-27,23959.849609375,-0.0008444502037048274
2024-05-28,23873.900390625,-0.0035872186241256987
2024-05-29,23687.69921875,-0.0077993611780385885
2024-05-30,23466.30078125,-0.009346557276645573
2024-05-31,23518.05078125,0.002205290066057186
2024-06-03,24344.19921875,0.03512826999075336
2024-06-04,22739.599609375,-0.06591301668855598
2024-06-05,23550.75,0.035671269703912545
2024-06-06,23806.94921875,0.010878601265352561
2024-06-07,24266.05078125,0.01928435089609959
2024-06-10,24271.150390625,0.00021015407166879996
2024-06-11,24271.05078125,-4.104023641149368e-06
2024-06-12,24348.80078125,0.003203404776362717
2024-06-13,24449.5,0.0041356952095785715
2024-06-14,24571.650390625,0.00499602816519773
2024-06-18,24683.55078125,0.004554044553217951
2024-06-19,24599.900390625,-0.003388912371899977
2024-06-20,24649.849609375,0.0020304642684259022
2024-06-21,24555.5,-0.003827593712341204
2024-06-24,24621.599609375,0.0026918453859623437
2024-06-25,24757.80078125,0.0055317759217861084
2024-06-26,24867.150390625,0.004416773942935048
2024-06-27,25026.55078125,0.006410078682963727
2024-06-28,25007.25,-0.0007712121985448128
2024-07-01,25155.69921875,0.005936247238300885
2024-07-02,25120.099609375,-0.001415170735881044
2024-07-03,25306.900390625,0.007436307345703552
2024-07-04,25342.55078125,0.0014087221301193331
2024-07-05,25391.25,0.0019216384005840137
2024-07-08,25393.55078125,9.061315413783078e-05
2024-07-09,25515.099609375,0.004786602282290886
2024-07-10,25425.650390625,-0.003505736607711807
2024-07-11,25433.75,0.0003185605579625328
2024-07-12,25577.30078125,0.005644106010714189
2024-07-15,25696.05078125,0.004642788581000312
2024-07-16,25679.099609375,-0.0006596800426378335
2024-07-18,25784.80078125,0.0041162335706042
2024-07-19,25450.849609375,-0.012951473804592717
2024-07-22,25490.400390625,0.0015540063242300839
2024-07-23,25419.599609375,-0.0027775468476375353
2024-07-24,25389.0,-0.0012037801478081978
2024-07-25,25407.5,0.0007286620189845827
2024-07-26,25841.900390625,0.017097329159696972
2024-07-29,25901.94921875,0.0023237001620355358
2024-07-30,25914.099609375,0.0004690917475895784
2024-07-31,26025.599609375,0.004302676985916243
2024-08-01,26057.80078125,0.001237288375995682
2024-08-02,25771.900390625,-0.010971777435289987
2024-08-05,25043.05078125,-0.028280786373058198
2024-08-06,24940.75,-0.004084996757926729
2024-08-07,25349.0,0.016368794041879298
2024-08-08,25161.25,-0.00740660381080116
2024-08-09,25425.400390625,0.010498301579810132
2024-08-12,25386.05078125,-0.001547649546140839
2024-08-13,25155.150390625,-0.009095561677342157
2024-08-14,25160.650390625,0.000218643097520399
2024-08-16,25578.5,0.01660726582531802
2024-08-19,25638.19921875,0.0023339608948922397
2024-08-20,25782.349609375,0.0056224850035324625
2024-08-21,25853.19921875,0.00274798885471772
2024-08-22,25910.44921875,0.0022144261340963922
2024-08-23,25905.94921875,-0.00017367510543753184
2024-08-26,26076.80078125,0.006595070539872072
2024-08-27,26083.150390625,0.0002434964867148448
2024-08-28,26116.80078125,0.0012901198712980122
2024-08-29,26188.900390625,0.0027606600815657245
2024-08-30,26274.349609375,0.003262802846834667
2024-09-02,26335.0,0.002308349836502188
2024-09-03,26341.69921875,0.00025438461173332705
2024-09-04,26275.75,-0.0025036053370109945
2024-09-05,26239.099609375,-0.0013948370883799521
2024-09-06,25928.55078125,-0.01183534621035709
2024-09-09,26011.25,0.0031895040894380777
2024-09-10,26115.19921875,0.003996317699072494
2024-09-11,25987.80078125,-0.004878325316719501
2024-09-12,26461.099609375,0.018212346327761697
2024-09-13,26419.900390625,-0.0015569730418687477
2024-09-16,26453.400390625,0.0012679835845212928
2024-09-17,26471.30078125,0.0006766763576959711
2024-09-18,26420.150390625,-0.0019322960759536878
2024-09-19,26425.25,0.00019301969517959705
2024-09-20,26821.0,0.0149762064691914
2024-09-23,27024.099609375,0.0075724100285223805
2024-09-24,27027.5,0.00012582808212480145
2024-09-25,27051.650390625,0.0008935488160206617
2024-09-26,27256.25,0.007563294897745099
2024-09-27,27253.849609375,-8.806753038292925e-05
2024-09-30,26890.150390625,-0.013344875089678743
2024-10-01,26885.25,-0.00018223738260347844
2024-10-03,26305.25,-0.02157316744311477
2024-10-04,26056.0,-0.009475294855589622
2024-10-07,25749.650390625,-0.011757353752494648
2024-10-08,26057.349609375,0.011949646464405106
2024-10-09,26076.599609375,0.0007387551032078665
2024-10-10,26079.44921875,0.00010927841120733639
2024-10-11,26054.099609375,-0.0009720147523964995
2024-10-14,26197.900390625,0.005519314941064168
2024-10-15,26149.099609375,-0.0018627745171312382
2024-10-16,26058.099609375,-0.003480043342194983
2024-10-17,25765.349609375,-0.011234510742858528
2024-10-18,25853.80078125,0.003432950579596028
2024-10-21,25739.5,-0.004421043629797561
2024-10-22,25348.05078125,-0.015208112774140914
2024-10-23,25320.650390625,-0.001080966377314807
2024-10-24,25275.5,-0.001783144979629614
2024-10-25,25022.19921875,-0.010021593291922981
2024-10-28,25175.19921875,0.0061145704525185085
2024-10-29,25321.30078125,0.005803392506669169
2024-10-30,25195.05078125,-0.0049859207901944425
2024-10-31,25059.5,-0.0053800558858518865
2024-11-01,25184.599609375,0.004992103169456641
2024-11-04,24857.75,-0.012978153889463884
2024-11-05,25060.80078125,0.008168510072311452
2024-11-06,25403.150390625,0.013660760977404207
2024-11-07,25110.69921875,-0.011512397768700722
2024-11-08,25002.94921875,-0.004290999587918454
2024-11-11,25013.30078125,0.00041401365932602907
2024-11-12,24715.55078125,-0.011903666877231767
2024-11-13,24347.0,-0.01491169606180065
2024-11-14,24366.05078125,0.0007824693494065116
2024-11-18,24301.0,-0.002669730184591823
2024-11-19,24374.69921875,0.0030327648553556408
2024-11-21,24135.099609375,-0.009829848861917068
2024-11-22,24655.349609375,0.02155574281524464
2024-11-25,24993.650390625,0.013721191814751732
2024-11-26,24983.099609375,-0.0004221384665745731
2024-11-27,25115.150390625,0.005285604401162658
2024-11-28,24836.25,-0.011104866436679073
2024-11-29,25053.94921875,0.008765382002113853
2024-12-02,25198.150390625,0.005755626413064041
2024-12-03,25393.25,0.0077426162774068
2024-12-04,25428.400390625,0.0013842415061089408
2024-12-05,25657.849609375,0.009023344576349901
2024-12-06,25663.900390625,0.00023582573528635464
2024-12-09,25594.19921875,-0.0027159227870312552
2024-12-10,25600.19921875,0.00023442811977503197
2024-12-11,25635.05078125,0.0013613785659321032
2024-12-12,25546.400390625,-0.003458171055773396
2024-12-13,25724.599609375,0.006975511853928085
2024-12-16,25652.849609375,-0.002789159057459245
2024-12-17,25321.650390625,-0.012910815905183504
2024-12-18,25137.599609375,-0.007268514429775941
2024-12-19,24884.94921875,-0.01005069674714587
2024-12-20,24448.849609375,-0.017524633285022517
2024-12-23,24599.75,0.006172085518785897
2024-12-24,24572.5,-0.001107734834703611
2024-12-26,24611.349609375,0.001581019813816198
2024-12-27,24632.0,0.0008390596595782007
2024-12-30,24500.75,-0.0053284345566742
2024-12-31,24495.55078125,-0.00021220651408626612
2025-01-02,25028.80078125,0.02176925943662278
2025-01-03,24879.849609375,-0.005951190917088844
2025-01-06,24404.599609375,-0.019101803566405784
2025-01-07,24478.099609375,0.003011727345519022
2025-01-08,24426.0,-0.002128417246698544
2025-01-09,24232.30078125,-0.007930042526406278
2025-01-10,24064.75,-0.006914357112125513
2025-01-13,23586.80078125,-0.01986096754589184
2025-01-14,23770.599609375,0.007792444165259926
2025-01-15,23839.25,0.0028880378178564037
2025-01-16,23984.55078125,0.0060950231760645845
2025-01-17,23926.0,-0.0024411873202884182
2025-01-20,24048.80078125,0.005132524502633018
2025-01-21,23664.75,-0.015969643756599705
2025-01-22,23738.400390625,0.003112240383904341
2025-01-23,23823.25,0.0035743608658866943
2025-01-24,23660.19921875,-0.006844187138614566
2025-01-27,23319.94921875,-0.014380690409840802
2025-01-28,23440.05078125,0.0051501639807789434
2025-01-29,23696.25,0.010929977120823331
2025-01-30,23772.5,0.003217808725009208
2025-01-31,24053.44921875,0.01181824455778746
2025-02-03,23896.150390625,-0.006539553919875374
2025-02-04,24279.650390625,0.016048610078653436
2025-02-05,24271.349609375,-0.00034188223950726293
2025-02-06,24161.0,-0.004546496637021669
2025-02-07,24125.5,-0.0014693100451140806
2025-02-10,23897.0,-0.009471306294170034
2025-02-11,23530.80078125,-0.015324066566933081
2025-02-12,23508.349609375,-0.000954118480017474
2025-02-13,23504.849609375,-0.00014888327161022286
2025-02-14,23325.150390625,-0.007645197554394301
2025-02-17,23343.150390625,0.0007716992044448645
2025-02-18,23331.400390625,-0.0005033596495492842
2025-02-19,23368.55078125,0.001592291504282306
2025-02-20,23411.400390625,0.0018336442758521976
2025-02-21,23274.05078125,-0.005866783151938226
2025-02-24,23021.69921875,-0.01084261458702751
2025-02-25,22987.150390625,-0.0015007071283800189
2025-02-27,22948.30078125,-0.0016900576502446585
2025-02-28,22479.44921875,-0.020430774677795638
2025-03-03,22514.19921875,0.001545856380280597
2025-03-04,22504.900390625,-0.0004130206024496319
2025-03-05,22818.80078125,0.013948090645882871
2025-03-06,23038.80078125,0.009641172737735237
2025-03-07,23027.69921875,-0.0004818637309036422
2025-03-10,22890.75,-0.005947151621577995
2025-03-11,22942.69921875,0.0022694415320598793
2025-03-12,22919.900390625,-0.0009937291121512315
2025-03-13,22837.849609375,-0.0035798925759538136
2025-03-17,22960.80078125,0.005383658005372327
2025-03-18,23340.400390625,0.01653250742391288
2025-03-19,23468.349609375,0.005481877628859877
2025-03-20,23730.69921875,0.01117886914681887
2025-03-21,23902.099609375,0.007222728207248785
2025-03-24,24214.19921875,0.013057413970971377
2025-03-25,24159.900390625,-0.0022424374902703104
2025-03-26,23990.400390625,-0.007015757402119571
2025-03-27,24145.05078125,0.0064463447090044035
2025-03-28,24057.349609375,-0.003632262887726223
2025-04-01,23713.80078125,-0.014280410506696928
2025-04-02,23901.849609375,0.007929932019741237
2025-04-03,23833.30078125,-0.002867929856696705
2025-04-04,23433.25,-0.0167853703908577
2025-04-07,22677.900390625,-0.03223409511591435
2025-04-08,23077.650390625,0.017627293228841268
2025-04-09,22952.44921875,-0.005425213128536721
2025-04-11,23369.25,0.018159316126904246
2025-04-15,23917.400390625,0.023456054029333373
2025-04-16,24037.25,0.005010979764421997
2025-04-17,24418.349609375,0.01585454281895804
2025-04-21,24725.80078125,0.012590989022327692
2025-04-22,24770.44921875,0.0018057428309403711
2025-04-23,24937.0,0.006723769108068156
2025-04-24,24860.900390625,-0.003051674594979348
2025-04-25,24581.30078125,-0.011246560059443245
2025-04-28,24874.0,0.011907393402600608
2025-04-29,24870.400390625,-0.00014471373221036643
2025-04-30,24843.80078125,-0.001069528795564767
2025-05-02,24849.19921875,0.00021729515332746807
2025-05-05,25010.19921875,0.006479082025247607
2025-05-06,24837.44921875,-0.006907182085558516
2025-05-07,24887.19921875,0.002003023722840336
2025-05-08,24678.0,-0.008405896417319259
2025-05-09,24437.55078125,-0.009743464573709337
2025-05-12,25381.400390625,0.03862292165952974
2025-05-13,25087.099609375,-0.011595135678908575
2025-05-14,25193.30078125,0.004233298130458696
2025-05-15,25573.05078125,0.015073451601174348
2025-05-16,25593.099609375,0.0007839826501927494
2025-05-19,25551.5,-0.0016254228682703875
2025-05-20,25248.650390625,-0.011852517831634102
2025-05-21,25409.099609375,0.006354764166308646
2025-05-22,25221.900390625,-0.007367408590933766
2025-05-23,25453.0,0.009162656492803345
2025-05-26,25596.5,0.00563784229756803
2025-05-27,25436.349609375,-0.006256730046100056
2025-05-28,25361.099609375,-0.0029583647479143327
2025-05-29,25436.30078125,0.0029652173223277956
2025-05-30,25344.25,-0.003618874538464878
2025-06-02,25333.650390625,-0.00041822541108926803
2025-06-03,25162.05078125,-0.006773584016873557
2025-06-04,25240.650390625,0.003123736219210249
2025-06-05,25369.75,0.00511474971433179
2025-06-06,25638.80078125,0.010605180628504352
2025-06-09,25779.44921875,0.005485765059762837
2025-06-10,25785.5,0.00023471336406988286
2025-06-11,25807.099609375,0.0008376649425063665
2025-06-12,25511.55078125,-0.011452229525926061
2025-06-13,25331.349609375,-0.00706351305023134
2025-06-16,25556.75,0.00889808060371089
2025-06-17,25446.69921875,-0.004306133653535715
2025-06-18,25398.05078125,-0.0019117779120112477
2025-06-19,25320.44921875,-0.0030554141011990277
2025-06-20,25648.80078125,0.012967841117797141
2025-06-23,25532.94921875,-0.004516841293597307
2025-06-24,25631.599609375,0.0038636504455409337
2025-06-25,25822.349609375,0.007441985787349337
2025-06-26,26121.099609375,0.011569435179962673
2025-06-27,26223.599609375,0.003924030823082569
2025-06-30,26139.5,-0.0032070200364459067
2025-07-01,26156.099609375,0.0006350392844163277
2025-07-02,26068.05078125,-0.003366282795980835
2025-07-03,26003.0,-0.0024954217634404197
2025-07-04,26066.650390625,0.002447809507556853
2025-07-07,26074.55078125,0.00030308422856828443
2025-07-08,26126.05078125,0.0019751059349806255
2025-07-09,26084.0,-0.0016095345447380005
2025-07-10,25971.349609375,-0.004318754432794059
2025-07-11,25760.80078125,-0.008106965224825902
2025-07-14,25724.150390625,-0.0014227193842388797
2025-07-15,25849.150390625,0.004859246976162801
2025-07-16,25872.19921875,0.0008916667579665916
2025-07-17,25776.44921875,-0.0037008836856283756
2025-07-18,25623.5,-0.00593368068084188
2025-07-21,25745.349609375,0.004755385071321339
2025-07-22,25703.900390625,-0.0016099691547752926
2025-07-23,25846.0,0.005528328666680737
2025-07-24,25701.900390625,-0.005575315691983329
2025-07-25,25442.099609375,-0.010108232360310776
2025-07-28,25285.0,-0.006174789494068023
2025-07-29,25443.650390625,0.006274486479137753
2025-07-30,25476.05078125,0.0012734175374826684
2025-07-31,25380.5,-0.003750611979480123
2025-08-01,25149.599609375,-0.009097550900297513
2025-08-04,25330.19921875,0.007181013303594552
2025-08-05,25257.94921875,-0.002852326559931617
2025-08-06,25156.349609375,-0.004022480546424512
2025-08-07,25185.150390625,0.0011448712431341157
2025-08-08,24934.05078125,-0.009970145322954704
2025-08-11,25172.19921875,0.009551133090620167
2025-08-12,25085.400390625,-0.0034482020172613703
2025-08-13,25223.25,0.005495212642749658
2025-08-14,25226.25,0.00011893788468975153
2025-08-18,25492.349609375,0.010548520266587369
2025-08-19,25613.30078125,0.0047446066654648344
2025-08-20,25689.30078125,0.00296720835198383
2025-08-21,25705.099609375,0.0006149964243686856
2025-08-22,25495.599609375,-0.008150133754922018
2025-08-25,25589.69921875,0.003690817663311474
2025-08-26,25313.5,-0.010793374958765645
2025-08-28,25078.5,-0.009283583858415434
2025-08-29,25003.05078125,-0.003008521990948476
2025-09-01,25231.19921875,0.00912482398632286
2025-09-02,25215.05078125,-0.0006400186277313313
2025-09-03,25358.900390625,0.00570491055611777
2025-09-04,25355.150390625,-0.0001478770744092195
2025-09-05,25356.849609375,6.701670957665051e-05
2025-09-08,25402.0,0.0017805993773101214
2025-09-09,25489.19921875,0.003432769811432257
2025-09-10,25596.94921875,0.004227280703300362
2025-09-11,25638.75,0.0016330376285382808
2025-09-12,25745.099609375,0.004148002900882464
2025-09-15,25733.55078125,-0.0004485835479460798
2025-09-16,25903.55078125,0.006606161794192156
2025-09-17,25990.44921875,0.0033546921128242424
2025-09-18,26081.849609375,0.0035166914529149995
2025-09-19,26025.849609375,-0.0021470869910955592
2025-09-22,25934.5,-0.003509956860047847
2025-09-23,25886.0,-0.0018700958183115457
2025-09-24,25736.349609375,-0.005781132296415081
2025-09-25,25562.0,-0.006774449835398988
2025-09-26,25287.099609375,-0.010754259863273608
2025-09-29,25314.849609375,0.0010973975042085637
2025-09-30,25295.150390625,-0.0007781685079695233
2025-10-01,25502.94921875,0.008214967095116155
2025-10-03,25569.30078125,0.0026017211551054853
2025-10-06,25740.94921875,0.006713067321178823
2025-10-07,25772.25,0.001215991725246779
2025-10-08,25685.900390625,-0.00335048780665248
2025-10-09,25825.69921875,0.005442629068826532
2025-10-10,25924.75,0.0038353571925009433
2025-10-13,25867.75,-0.0021986711540130655
2025-10-14,25775.150390625,-0.0035797318813967083
2025-10-15,25984.05078125,0.008104720533502086
2025-10-16,26229.19921875,0.009434573522189238
2025-10-17,26329.80078125,0.003835479751439941
2025-10-20,26449.75,0.00455564475198833
2025-10-21,26475.849609375,0.0009867620440646707
2025-10-23,26490.05078125,0.0005363821023507409
2025-10-24,26402.80078125,-0.0032936894202466593
2025-10-27,26565.0,0.006143258061666934
2025-10-28,26517.44921875,-0.0017899785902503185
2025-10-29,26679.25,0.006101672144830372
2025-10-30,26518.849609375,-0.006012177652107931
2025-10-31,26369.5,-0.0056318283626527466
2025-11-03,26445.849609375,0.002895375694457636
2025-11-04,26284.44921875,-0.006103051821325645
2025-11-06,26154.94921875,-0.0049268675528350014
2025-11-07,26144.19921875,-0.00041101207691485175
2025-11-10,26230.80078125,0.0033124580246424173
2025-11-11,26340.0,0.004163015062355946
2025-11-12,26500.0,0.006074411541381997
2025-11-13,26505.599609375,0.00021130601415086936
2025-11-14,26528.0,0.00084511918066843
2025-11-17,26639.400390625,0.004199351275067764
2025-11-18,26519.0,-0.0045196359099498595
2025-11-19,26640.5,0.004581620724763313
2025-11-20,26755.5,0.00431673579700087
2025-11-21,26593.19921875,-0.006066071695539188
2025-11-24,26458.25,-0.0050745763095270124
2025-11-25,26405.30078125,-0.0020012366180680585
2025-11-26,26743.05078125,0.012790992338925777
2025-11-27,26744.349609375,4.856693933774636e-05
2025-11-28,26737.80078125,-0.00024486772797438494
2025-12-01,26719.75,-0.0006751034386739407
2025-12-02,26592.849609375,-0.00474931055211969
2025-12-03,26506.099609375,-0.003262155100874131
2025-12-04,26557.0,0.001920327448214909
2025-12-05,26696.900390625,0.005267929006476546
2025-12-08,26415.55078125,-0.010538661989157316
2025-12-09,26337.349609375,-0.0029604217804349853
2025-12-10,26259.25,-0.0029653556843548534
2025-12-11,26402.44921875,0.005453286698972715
2025-12-12,26565.099609375,0.006160428120793204
2025-12-15,26555.349609375,-0.00036702290386136927
2025-12-16,26394.5,-0.00605714523593448
2025-12-17,26342.650390625,-0.0019644096071150807
2025-12-18,26324.650390625,-0.0006833025429516804
2025-12-19,26488.0,0.006205195774724226
2025-12-22,26693.19921875,0.0077468747640441205
2025-12-23,26713.150390625,0.0007474252790571345
2025-12-24,26674.5,-0.0014468675562342437
2025-12-26,26589.349609375,-0.0031922019391178447
2025-12-29,26483.44921875,-0.003982812373404587
2025-12-30,26482.55078125,-3.3924489690861925e-05
2025-12-31,26689.30078125,0.007807027416195211
2026-01-02,26925.30078125,0.00884249467358833
2026-01-05,26858.150390625,-0.0024939513645753086
2026-01-06,26808.75,-0.0018393072459018667
2026-01-07,26781.80078125,-0.0010052396605585434
2026-01-08,26462.599609375,-0.01191858510494459
2026-01-09,26252.94921875,-0.007922516824489412
2026-01-12,26357.400390625,0.003978645256373703
2026-01-13,26296.75,-0.002301076347672404
2026-01-14,26256.30078125,-0.001538183188036557
2026-01-16,26285.30078125,0.0011044967926596705
2026-01-19,26181.94921875,-0.003931914774729317
2026-01-20,25780.94921875,-0.015315895567959759
2026-01-21,25701.400390625,-0.003085566301303855
2026-01-22,25860.25,0.0061805818733886575
2026-01-23,25570.5,-0.011204454713314882
2026-01-27,25706.150390625,0.005304956517275805
2026-01-28,25943.80078125,0.009244884473704529
2026-01-29,26021.69921875,0.0030025838602760757
2026-01-30,25902.0,-0.004599977032389568
2026-02-02,25655.349609375,-0.00952244578121375
2026-02-03,26313.19921875,0.025641810358904893
2026-02-04,26382.69921875,0.0026412599783942614
2026-02-05,26248.30078125,-0.005094188293079727
2026-02-06,26297.30078125,0.0018667875078222096
2026-02-09,26487.80078125,0.0072440894822112245
2026-02-10,26552.099609375,0.0024274883617561027
2026-02-11,26592.30078125,0.0015140486992148983
2026-02-12,26448.05078125,-0.005424502422208932
2026-02-13,26092.400390625,-0.01344713051130153
2026-02-16,26315.349609375,0.008544603616848834
2026-02-17,26375.099609375,0.0022705379516871904
2026-02-18,26484.599609375,0.004151643088433188
2026-02-19,26090.69921875,-0.014872808969540463
2026-02-20,26217.30078125,0.004852363726956632
2026-02-23,26355.400390625,0.005267499142160625
2026-02-24,26112.19921875,-0.009227754777784036
2026-02-25,26200.5,0.0033815911295052015
2026-02-26,26226.849609375,0.0010056910889104653
2026-02-27,25897.55078125,-0.012555790460143212
2026-03-02,25563.5,-0.012898933342061603
2026-03-04,25118.25,-0.01741741154380272
2026-03-05,25420.099609375,0.012017143287251342
2026-03-06,25134.900390625,-0.011219437497594131
2026-03-09,24685.650390625,-0.017873554023216442
2026-03-10,24957.80078125,0.011024639266881797
2026-03-11,24574.55078125,-0.015355920313616878
2026-03-12,24375.099609375,-0.008116167560921483
2026-03-13,23849.25,-0.02157322914786164
2026-03-16,24055.400390625,0.008643894068995905
2026-03-17,24237.80078125,0.007582513184693607
2026-03-18,24446.44921875,0.008608389819814377
2026-03-19,23651.94921875,-0.032499607320912394
2026-03-20,23766.099609375,0.0048262572175026275
2026-03-23,23098.25,-0.02810093453919349
2026-03-24,23499.30078125,0.017362821047049115
2026-03-25,23915.150390625,0.017696254592681537
2026-03-27,23400.05078125,-0.021538631409858233
2026-03-30,22875.5,-0.022416651406171884
2026-04-01,23272.75,0.017365740639548877
2026-04-02,23304.19921875,0.0013513322985037046
2026-04-06,23579.44921875,0.011811176063863282
2026-04-07,23730.25,0.006395432728347528
2026-04-08,24666.69921875,0.039462256771420456
2026-04-09,24486.5,-0.007305364092372146
2026-04-10,24809.80078125,0.013203225501807081
2026-04-13,24599.650390625,-0.008470458609398435
2026-04-15,25023.69921875,0.01723800222325944
2026-04-16,25042.30078125,0.0007433578200166657
2026-04-17,25238.900390625,0.007850700744006733
2026-04-20,25252.900390625,0.000554699284965654
2026-04-21,25464.0,0.008359420348142299
2026-04-22,25329.94921875,-0.005264325371112211
2026-04-23,25094.94921875,-0.009277555117483072
2026-04-24,24827.30078125,-0.010665430528148834
2026-04-27,25052.25,0.009060558807096886
2026-04-28,24955.0,-0.0038818868564699516
2026-04-29,25106.099609375,0.00605488316469649
2026-04-30,24896.0,-0.008368468724490596
2026-05-04,25041.099609375,0.005828229811013719
2026-05-05,24990.30078125,-0.002028618108526725
2026-05-06,25312.599609375,0.012896956741185628
2026-05-07,25319.5,0.00027260695193254136
2026-05-08,25168.599609375,-0.005959848757874364
2026-05-11,24784.80078125,-0.015249113342883036
2026-05-12,24303.05078125,-0.019437315807050992
2026-05-13,24369.05078125,0.0027157084348816696
2026-05-14,24654.400390625,0.011709508586791317
2026-05-15,24572.150390625,-0.003336118449316472
2026-05-18,24534.25,-0.001542412447526731
2026-05-19,24531.69921875,-0.00010396817714009021
2026-05-20,24590.599609375,0.002400991064654079
2026-05-21,24596.400390625,0.0002358942580558132
2026-05-22,24669.30078125,0.0029638642023728234
2026-05-25,25001.69921875,0.013474173445266135
2026-05-26,24910.099609375,-0.003663735355487585
2026-05-27,24970.849609375,0.0024387698545025316
2026-05-29,24608.44921875,-0.014512937937399717
2026-06-01,24393.05078125,-0.008753027693264026
2026-06-02,24491.30078125,0.0040277864741511404
2026-06-03,24408.30078125,-0.003388958420025734
2026-06-04,24427.69921875,0.0007947475604241916
2026-06-05,24397.30078125,-0.0012444249140199926
2026-06-08,24111.099609375,-0.011730853935077667
2026-06-09,24275.599609375,0.006822583899741996
2026-06-10,24200.75,-0.003083326903533745
2026-06-11,24104.69921875,-0.003968917543877737
2026-06-12,24602.25,0.020641235832678406
2026-06-15,24907.849609375,0.012421612225507861
2026-06-16,25029.900390625,0.004900093069618583
2026-06-17,25141.80078125,0.004470668635457864
2026-06-18,25233.650390625,0.0036532629533641003
2026-06-19,25086.650390625,-0.0058255542786871395
2026-06-22,25209.55078125,0.00489903549143933
2026-06-23,24907.80078125,-0.011969669853237996
2026-06-24,25075.94921875,0.006750834366178848
2026-06-25,25114.099609375,0.0015213936785480886
2026-06-29,24976.69921875,-0.0054710458571928244
2026-06-30,24915.599609375,-0.0024462643698384134
2026-07-01,25065.099609375,0.006000256961255168
2026-07-02,25230.19921875,0.00658683236643709
2026-07-03,25301.900390625,0.002841878942506204
2026-07-06,25464.44921875,0.006424372304667969
2026-07-07,25409.650390625,-0.002151973822573372
2026-07-08,24883.05078125,-0.02072439412898386
2026-07-09,24989.25,0.004267934011934926
2026-07-10,25255.099609375,0.010638558955350819
2026-07-13,25240.80078125,-0.0005661758752157908
2026-07-14,25088.650390625,-0.006027954181945905
2026-07-15,25130.099609375,0.0016521103409168347
2026-07-16,25109.19921875,-0.000831687536057446
2026-07-17,25327.650390625,0.008700045348792873
2026-07-20,25286.44921875,-0.0016267269659664407
2026-07-21,25263.44921875,-0.0009095780827521605
2026-07-22,25069.650390625,-0.007671115153237484
2026-07-23,24932.5,-0.005470773963257569
2026-07-24,24840.75,-0.0036799358267322058
2026-07-27,25088.599609375,0.009977541313164862
2026-07-28,25046.94921875,-0.0016601321426260585
2026-07-29,25307.05078125,0.010384560619673744
2026-07-30,25368.75,0.0024380248525723847
2026-07-31,25486.349609375,0.00463560914018224
2026-08-03,25880.44921875,0.015463164219878367
2026-08-04,25719.150390625,-0.006232458593034784
2026-08-05,25744.05078125,0.0009681653649833422
2026-08-06,25757.400390625,0.0005185512368830469
2026-08-07,25712.69921875,-0.0017354690767344971
2026-08-10,25728.30078125,0.0006067648661569613
2026-08-11,25625.400390625,-0.003999502007532185
