date,close_value,nifty50_return
2022-01-03,17778.24,
2022-01-04,17537.52,-0.013540147956153215
2022-01-05,17607.73,0.004003416674649429
2022-01-06,17556.05,-0.0029350745382852317
2022-01-07,17664.02,0.0061500166609231854
2022-01-10,17516.51,-0.008350873696927552
2022-01-11,17603.08,0.004942194535327182
2022-01-12,17763.76,0.00912794806363415
2022-01-13,17830.3,0.0037458285858400497
2022-01-14,17578.93,-0.014097911981290179
2022-01-17,17945.01,0.02082493075517089
2022-01-18,18041.24,0.005362493528841883
2022-01-19,18014.52,-0.0014810511916033553
2022-01-20,18115.34,0.005596596523248953
2022-01-21,18440.19,0.01793231592672284
2022-01-24,18236.66,-0.0110373049301552
2022-01-25,18409.39,0.009471580870619833
2022-01-26,18393.08,-0.00088596091451143
2022-01-27,18354.08,-0.0021203626581300927
2022-01-28,18324.13,-0.0016317897709937634
2022-01-31,18021.52,-0.016514290173667234
2022-02-01,18101.19,0.0044208257683036045
2022-02-02,17753.35,-0.01921641615827474
2022-02-03,17685.95,-0.0037964665823632116
2022-02-04,17621.67,-0.0036345234494048473
2022-02-07,17574.94,-0.002651848547839064
2022-02-08,17275.41,-0.01704301693206345
2022-02-09,17410.12,0.007797788880263834
2022-02-10,17157.83,-0.014490997190139798
2022-02-11,17036.29,-0.007083646358543083
2022-02-14,16968.48,-0.00398032670258619
2022-02-15,16932.91,-0.0020962396160409957
2022-02-16,16993.92,0.003603042831976211
2022-02-17,17004.75,0.0006372867472603794
2022-02-18,17284.03,0.01642364633411253
2022-02-21,17341.61,0.0033313989850747294
2022-02-22,17389.05,0.00273561681989154
2022-02-23,17315.49,-0.004230248345941656
2022-02-24,17366.81,0.0029638202557362714
2022-02-25,17305.72,-0.0035176293170708917
2022-02-28,17246.14,-0.003442792325312194
2022-03-01,17708.25,0.02679498136974412
2022-03-02,17941.93,0.013196109158160718
2022-03-03,17823.22,-0.006616345064326956
2022-03-04,17926.74,0.005808153633294122
2022-03-07,17975.01,0.0026926256530745984
2022-03-08,17886.24,-0.004938522982740889
2022-03-09,18202.81,0.017699080410416013
2022-03-10,18181.6,-0.0011652047128988263
2022-03-11,18397.76,0.011888942667312108
2022-03-14,18307.51,-0.004905488494251431
2022-03-15,18481.95,0.009528330177069444
2022-03-16,18694.14,0.01148093139522599
2022-03-17,18555.09,-0.007438159765573604
2022-03-18,18514.06,-0.0022112530847330225
2022-03-21,18509.77,-0.00023171578789316083
2022-03-22,18768.1,0.013956413288765734
2022-03-23,19017.38,0.013282111668203145
2022-03-24,18964.88,-0.0027606326423513794
2022-03-25,18914.38,-0.002662816743369878
2022-03-28,18961.42,0.0024869966660285847
2022-03-29,18727.88,-0.012316588103633452
2022-03-30,18933.02,0.010953722471523708
2022-03-31,18808.63,-0.006570003095121568
2022-04-01,18832.6,0.0012744149892893741
2022-04-04,19059.05,0.012024362010556233
2022-04-05,19137.78,0.004130845976058506
2022-04-06,19084.64,-0.0027767065981529893
2022-04-07,18934.49,-0.007867583564583724
2022-04-08,18934.99,2.640683746957251e-05
2022-04-11,18899.18,-0.0018912077587578402
2022-04-12,19319.0,0.022213662180052163
2022-04-13,19201.15,-0.006100212226305635
2022-04-14,19126.79,-0.0038726847089888272
2022-04-15,18979.48,-0.0077017628154019135
2022-04-18,18948.25,-0.0016454613087397707
2022-04-19,19038.49,0.004762445080680466
2022-04-20,18900.52,-0.007246898257162293
2022-04-21,18964.24,0.0033713358150992967
2022-04-22,18785.85,-0.009406651677051237
2022-04-25,18938.86,0.008144960169489401
2022-04-26,18877.06,-0.0032631319942171277
2022-04-27,18835.56,-0.0021984355614698137
2022-04-28,19062.91,0.012070254348689247
2022-04-29,19003.96,-0.0030923925046071332
2022-05-02,19074.95,0.0037355372248732976
2022-05-03,19194.71,0.006278391293292884
2022-05-04,19409.57,0.011193709100059346
2022-05-05,19471.08,0.0031690552650058823
2022-05-06,19429.86,-0.002116985806642546
2022-05-09,19356.19,-0.003791586763877919
2022-05-10,19415.4,0.003058969766260855
2022-05-11,19304.29,-0.005722776764836235
2022-05-12,19399.12,0.004912379579875781
2022-05-13,19440.34,0.0021248386524750362
2022-05-16,19264.63,-0.009038422167513493
2022-05-17,19080.87,-0.009538724595281711
2022-05-18,19102.89,0.001154035429202116
2022-05-19,19067.09,-0.001874061987479303
2022-05-20,19204.03,0.00718200837149241
2022-05-23,19069.38,-0.007011549138383866
2022-05-24,19193.13,0.00648946111514892
2022-05-25,19322.17,0.006723238992285108
2022-05-26,19145.13,-0.009162531951638853
2022-05-27,19119.34,-0.001347078865487017
2022-05-30,19343.66,0.011732622569607498
2022-05-31,19416.48,0.003764540940028871
2022-06-01,19410.05,-0.00033116198198646085
2022-06-02,19556.26,0.007532695691149671
2022-06-03,19487.0,-0.0035415769681932385
2022-06-06,19444.01,-0.002206086108687888
2022-06-07,19480.14,0.0018581558022239264
2022-06-08,19717.53,0.01218625738829382
2022-06-09,19578.72,-0.007039928429169229
2022-06-10,19663.7,0.004340426749041892
2022-06-13,19608.79,-0.002792455133062477
2022-06-14,19818.79,0.010709482839073692
2022-06-15,19952.95,0.006769333546599032
2022-06-16,19949.96,-0.000149852528072425
2022-06-17,20057.29,0.0053799606615754225
2022-06-20,19972.35,-0.004234869217127679
2022-06-21,19878.43,-0.004702501207919818
2022-06-22,20303.14,0.021365369397885026
2022-06-23,20250.89,-0.002573493558139295
2022-06-24,20290.1,0.0019362111986189756
2022-06-27,20234.6,-0.002735324123587346
2022-06-28,20032.29,-0.0099982208692041
2022-06-29,19875.01,-0.00785132403734179
2022-06-30,19939.67,0.003253331696436934
2022-07-01,19719.91,-0.011021245587314099
2022-07-04,19614.71,-0.005334709945430838
2022-07-05,19729.15,0.005834396735919123
2022-07-06,19775.18,0.0023330959519289873
2022-07-07,19717.89,-0.0028970659179841096
2022-07-08,19655.8,-0.003148917049440869
2022-07-11,19500.02,-0.007925396066300938
2022-07-12,19868.74,0.01890869855518096
2022-07-13,19718.85,-0.007544011346466983
2022-07-14,19892.19,0.008790573486790576
2022-07-15,19544.68,-0.017469670257523107
2022-07-18,19694.66,0.0076736994414847715
2022-07-19,19862.37,0.008515506233669479
2022-07-20,19720.69,-0.007133086333604766
2022-07-21,19630.58,-0.004569312737028874
2022-07-22,19812.46,0.009265136333210577
2022-07-25,19637.43,-0.008834339602452168
2022-07-26,19717.19,0.004061631282708422
2022-07-27,19617.51,-0.005055487115557589
2022-07-28,19772.14,0.007882243974898007
2022-07-29,20085.58,0.015852608771736554
2022-08-01,19930.27,-0.007732413004752692
2022-08-02,20036.16,0.005313023857679733
2022-08-03,20206.94,0.008523589350454275
2022-08-04,19889.07,-0.015730734094325904
2022-08-05,20062.89,0.008739473489710603
2022-08-08,20130.13,0.0033514613298484264
2022-08-09,20245.74,0.00574313230962753
2022-08-10,19954.81,-0.014369936589129328
2022-08-11,20086.31,0.006589889856129849
2022-08-12,20065.79,-0.0010215913226471196
2022-08-15,19888.96,-0.008812511244262078
2022-08-16,20013.04,0.0062386369121363305
2022-08-17,20156.02,0.0071443418890881905
2022-08-18,20152.94,-0.0001528079452194353
2022-08-19,20222.54,0.0034535903942551904
2022-08-22,20205.4,-0.0008475690986393669
2022-08-23,19988.63,-0.010728320152038617
2022-08-24,19974.53,-0.000705401020480223
2022-08-25,20181.37,0.010355187331066107
2022-08-26,20392.73,0.010473025369437394
2022-08-29,20264.99,-0.00626399702246816
2022-08-30,20314.45,0.0024406624429620383
2022-08-31,20336.89,0.0011046324168264565
2022-09-01,20429.1,0.004534124932573214
2022-09-02,20447.55,0.000903123485616053
2022-09-05,20578.64,0.006411037019105059
2022-09-06,20518.78,-0.0029088414005978835
2022-09-07,20714.88,0.009557098423980559
2022-09-08,20634.8,-0.003865820125436459
2022-09-09,20677.2,0.0020547812433364676
2022-09-12,20800.12,0.005944712049987366
2022-09-13,20847.1,0.002258640815533841
2022-09-14,20460.79,-0.01853063495642071
2022-09-15,20520.74,0.002929994394155866
2022-09-16,20646.74,0.006140129449522691
2022-09-19,20707.04,0.002920557918586697
2022-09-20,20877.22,0.00821846096786416
2022-09-21,21088.58,0.010123953284967957
2022-09-22,20978.92,-0.0051999707898778835
2022-09-23,20696.37,-0.013468281493994927
2022-09-26,20503.81,-0.009304047038200314
2022-09-27,20525.56,0.0010607784601983639
2022-09-28,20638.67,0.0055106900859220875
2022-09-29,20627.39,-0.0005465468462840795
2022-09-30,20404.81,-0.010790507184864295
2022-10-03,20464.22,0.0029115683998037767
2022-10-04,20475.87,0.0005692862957884515
2022-10-05,20512.63,0.00179528391223438
2022-10-06,20828.8,0.015413430652237103
2022-10-07,20978.85,0.0072039675833461825
2022-10-10,20965.83,-0.0006206250580941264
2022-10-11,20749.25,-0.010330141950020688
2022-10-12,20989.02,0.011555598395122768
2022-10-13,20697.42,-0.013892978328669092
2022-10-14,20659.58,-0.0018282471921619026
2022-10-17,20467.28,-0.009308030463349382
2022-10-18,20408.72,-0.0028611520436520044
2022-10-19,20403.29,-0.00026606274180840384
2022-10-20,20194.29,-0.010243446032478065
2022-10-21,19802.72,-0.01939013453803029
2022-10-24,19656.01,-0.007408578215517991
2022-10-25,19448.56,-0.010554023934664092
2022-10-26,19305.94,-0.007333190734943984
2022-10-27,19270.45,-0.001838294328066814
2022-10-28,19521.37,0.013020972525291219
2022-10-31,19435.11,-0.00441874724980873
2022-11-01,19360.14,-0.0038574517972885802
2022-11-02,19352.78,-0.0003801625401469444
2022-11-03,19467.23,0.0059138790396005
2022-11-04,19566.26,0.005087010324529961
2022-11-07,19270.38,-0.015121949723656769
2022-11-08,19115.3,-0.008047583908568523
2022-11-09,19298.68,0.00959336238510522
2022-11-10,19225.62,-0.003785751149819605
2022-11-11,19387.08,0.008398168693649621
2022-11-14,19510.58,0.0063702218178292025
2022-11-15,19164.58,-0.01773396792919535
2022-11-16,18915.37,-0.013003676574180223
2022-11-17,18872.81,-0.002250022071997426
2022-11-18,18943.83,0.0037630856242394373
2022-11-21,18911.39,-0.0017124309075832178
2022-11-22,18890.22,-0.001119431199927523
2022-11-23,18904.59,0.0007607110981238119
2022-11-24,18897.98,-0.0003496505346056722
2022-11-25,18901.92,0.0002084878912984589
2022-11-28,18547.32,-0.018759998984230086
2022-11-29,18508.87,-0.0020730757866904703
2022-11-30,18469.12,-0.0021476189524265443
2022-12-01,18317.08,-0.008232119342989619
2022-12-02,18211.2,-0.005780397312235452
2022-12-05,17972.63,-0.013100180108943982
2022-12-06,18038.11,0.00364331764466308
2022-12-07,17877.15,-0.008923329550601378
2022-12-08,17867.98,-0.0005129452960903613
2022-12-09,17804.79,-0.0035364937726591883
2022-12-12,17786.27,-0.0010401695274137035
2022-12-13,17927.89,0.00796232149854914
2022-12-14,17829.02,-0.0055148709636214654
2022-12-15,17822.91,-0.00034269971092071305
2022-12-16,17924.82,0.0057179214842020265
2022-12-19,17955.99,0.0017389295959457929
2022-12-20,17848.08,-0.006009693701099161
2022-12-21,17631.29,-0.01214640454323379
2022-12-22,17519.19,-0.006358014643284893
2022-12-23,17553.59,0.0019635611007131626
2022-12-26,17555.35,0.00010026439036114887
2022-12-27,17655.66,0.005713927663077101
2022-12-28,17616.17,-0.0022366765105354958
2022-12-29,17513.12,-0.005849739188484193
2022-12-30,17309.66,-0.01161757585170431
2023-01-02,17146.9,-0.009402842112438803
2023-01-03,17008.52,-0.008070263429541313
2023-01-04,17200.21,0.011270233976853783
2023-01-05,17042.63,-0.009161516051257368
2023-01-06,16888.11,-0.009066675741948305
2023-01-09,16797.95,-0.0053386672635362675
2023-01-10,16948.6,0.008968356257757604
2023-01-11,17022.31,0.004349031778436041
2023-01-12,16994.79,-0.0016167018459891658
2023-01-13,16784.06,-0.012399682490928043
2023-01-16,16773.95,-0.0006023572365685403
2023-01-17,16878.51,0.006233475120648313
2023-01-18,17057.81,0.010622975606259244
2023-01-19,16741.43,-0.01854751577136815
2023-01-20,16620.92,-0.007198309821801474
2023-01-23,16619.0,-0.00011551707125712074
2023-01-24,16774.51,0.009357362055478546
2023-01-25,16579.25,-0.011640280401633119
2023-01-26,16415.2,-0.009894898743911806
2023-01-27,16336.99,-0.004764486573419768
2023-01-30,16134.8,-0.012376208836511582
2023-01-31,15861.67,-0.016928006544859486
2023-02-01,16123.73,0.01652158946693505
2023-02-02,16074.67,-0.003042720263859544
2023-02-03,15973.29,-0.006306816874001142
2023-02-06,15803.43,-0.010634002137318022
2023-02-07,15783.04,-0.0012902262356968563
2023-02-08,15696.6,-0.005476764932484501
2023-02-09,15782.39,0.005465514824866569
2023-02-10,15628.56,-0.009746939468610272
2023-02-13,15610.58,-0.001150457879676714
2023-02-14,15587.12,-0.0015028269289161234
2023-02-15,15639.92,0.003387412171074633
2023-02-16,15600.82,-0.0025000127877892186
2023-02-17,15658.67,0.003708138418365259
2023-02-20,15680.83,0.0014151904344366084
2023-02-21,15775.37,0.006029017596645092
2023-02-22,15835.71,0.0038249499060876158
2023-02-23,15795.71,-0.002525936633090642
2023-02-24,15995.36,0.012639507815729756
2023-02-27,15912.35,-0.005189629992697897
2023-02-28,16097.23,0.011618648408311838
2023-03-01,16224.73,0.007920617398148533
2023-03-02,16299.24,0.004592372261356559
2023-03-03,16283.17,-0.000985935540552818
2023-03-06,16186.05,-0.005964440584972142
2023-03-07,16208.57,0.0013913215392267198
2023-03-08,16229.83,0.001311651799017488
2023-03-09,16212.94,-0.0010406763348722592
2023-03-10,16281.66,0.004238589669733006
2023-03-13,16399.37,0.0072296068091337595
2023-03-14,16284.55,-0.007001488471813255
2023-03-15,16193.4,-0.0055973299845558655
2023-03-16,16022.88,-0.01053021601393167
2023-03-17,16068.83,0.0028677740830611587
2023-03-20,16273.47,0.01273521469826977
2023-03-21,16096.0,-0.01090547990072177
2023-03-22,15993.54,-0.006365556660039684
2023-03-23,15812.68,-0.011308315732477037
2023-03-24,15741.89,-0.004476786983610648
2023-03-27,15475.61,-0.016915376743199095
2023-03-28,15621.75,0.009443246502076397
2023-03-29,15715.54,0.0060038087922289485
2023-03-30,15746.73,0.001984659769883823
2023-03-31,15870.66,0.007870205433128108
2023-04-03,15988.63,0.0074332132375085624
2023-04-04,15987.69,-5.8791778907774095e-05
2023-04-05,15819.59,-0.010514339469929745
2023-04-06,15729.21,-0.005713169557491793
2023-04-07,15725.39,-0.00024286025808029077
2023-04-10,15633.06,-0.005871396512264537
2023-04-11,15863.48,0.014739276891408304
2023-04-12,15891.47,0.0017644299989660883
2023-04-13,15912.48,0.0013220929215485011
2023-04-14,16044.02,0.008266467577649816
2023-04-17,16088.1,0.002747441102666226
2023-04-18,16060.87,-0.0016925553670104065
2023-04-19,16268.97,0.012956956877180348
2023-04-20,16334.72,0.004041435936018134
2023-04-21,16276.53,-0.0035623506249264913
2023-04-24,16308.08,0.0019383738425817754
2023-04-25,16245.2,-0.003855757391427961
2023-04-26,16144.11,-0.006222761184842329
2023-04-27,16256.61,0.006968485720179052
2023-04-28,16197.72,-0.0036225264676953417
2023-05-01,16103.92,-0.005790938477761021
2023-05-02,16135.48,0.001959771285500622
2023-05-03,16282.42,0.009106639529781635
2023-05-04,16012.4,-0.01658352996667578
2023-05-05,15925.28,-0.005440783392870463
2023-05-08,15643.97,-0.017664367596676556
2023-05-09,15223.57,-0.02687297405965361
2023-05-10,15236.78,0.0008677333897371131
2023-05-11,15080.39,-0.01026397965974446
2023-05-12,15182.46,0.006768392594621142
2023-05-15,15041.07,-0.009312720073031633
2023-05-16,15120.8,0.005300819689024738
2023-05-17,15163.88,0.0028490556055236205
2023-05-18,15055.37,-0.007155820278187286
2023-05-19,15000.54,-0.0036418899037353736
2023-05-22,15029.03,0.0018992649597948663
2023-05-23,15101.64,0.0048313164588797974
2023-05-24,15278.47,0.011709324285309464
2023-05-25,15312.62,0.0022351714536861245
2023-05-26,15314.19,0.00010252980874603246
2023-05-29,15324.41,0.0006673549172369064
2023-05-30,15299.69,-0.001613112674484607
2023-05-31,15248.41,-0.003351701897227999
2023-06-01,15139.5,-0.00714238402561318
2023-06-02,15194.66,0.003643449255259501
2023-06-05,15097.48,-0.00639566795176727
2023-06-06,15125.97,0.0018870698951083398
2023-06-07,15128.86,0.0001910621269247681
2023-06-08,15215.84,0.005749276548266069
2023-06-09,15252.62,0.002417217846665043
2023-06-12,15163.26,-0.005858665593189927
2023-06-13,15033.28,-0.008572035301115943
2023-06-14,15168.87,0.00901932246322823
2023-06-15,15123.84,-0.00296857972940634
2023-06-16,15305.19,0.011991002285133945
2023-06-19,14987.25,-0.020773345512208663
2023-06-20,15016.65,0.0019616674173046356
2023-06-21,15129.44,0.0075109961276316195
2023-06-22,15147.46,0.0011910553199587781
2023-06-23,15181.01,0.002214892793907408
2023-06-26,15259.57,0.005174886255921107
2023-06-27,15370.58,0.007274779040300716
2023-06-28,15454.09,0.005433106623172312
2023-06-29,15617.82,0.010594606346928215
2023-06-30,15564.88,-0.003389717643051404
2023-07-03,15786.83,0.01425966663411482
2023-07-04,15661.22,-0.007956632205452285
2023-07-05,15792.09,0.008356309406291507
2023-07-06,15850.73,0.00371325138091283
2023-07-07,16152.01,0.019007326476446318
2023-07-10,16199.27,0.002925951630787793
2023-07-11,16298.43,0.006121263489033746
2023-07-12,16086.96,-0.012974869358582497
2023-07-13,16207.62,0.007500484864760182
2023-07-14,16252.81,0.002788194688670975
2023-07-17,16358.91,0.006528101909762052
2023-07-18,16239.48,-0.0073006086591344
2023-07-19,16180.98,-0.003602332094377436
2023-07-20,16212.76,0.001964034316833674
2023-07-21,16211.03,-0.0001067060759549765
2023-07-24,16255.01,0.0027129676522712476
2023-07-25,16284.8,0.001832665744284423
2023-07-26,16226.47,-0.0035818677539791732
2023-07-27,16202.45,-0.001480297316668322
2023-07-28,16111.33,-0.005623840838885563
2023-07-31,16487.1,0.02332333829671418
2023-08-01,16540.9,0.0032631572562793476
2023-08-02,16788.5,0.014968955740014112
2023-08-03,16654.0,-0.008011436399916638
2023-08-04,16649.87,-0.0002479884712381919
2023-08-07,16597.05,-0.003172397141839478
2023-08-08,16658.89,0.003725963348908401
2023-08-09,16694.71,0.002150203284852603
2023-08-10,16547.88,-0.008795001530424784
2023-08-11,16620.41,0.004383038794093297
2023-08-14,16664.8,0.002670812573215775
2023-08-15,16713.0,0.0028923239402813827
2023-08-16,16879.5,0.009962304792676457
2023-08-17,17019.12,0.008271572025237761
2023-08-18,17255.36,0.01388085870479805
2023-08-21,17311.56,0.003256958997088555
2023-08-22,17449.92,0.007992347310120884
2023-08-23,17431.04,-0.0010819533843133833
2023-08-24,17466.78,0.0020503653253045595
2023-08-25,17558.45,0.005248248389228216
2023-08-28,17495.85,-0.003565234972335407
2023-08-29,17513.03,0.0009819471474663555
2023-08-30,17338.47,-0.009967435675037217
2023-08-31,17522.91,0.010637616813940154
2023-09-01,17713.52,0.01087775945890268
2023-09-04,17546.73,-0.009415971529091904
2023-09-05,17722.32,0.010006992755915212
2023-09-06,17871.87,0.008438511436425822
2023-09-07,17927.29,0.003100962574146049
2023-09-08,17983.24,0.00312094019787712
2023-09-11,18076.37,0.005178710844096823
2023-09-12,17891.41,-0.010232142847264036
2023-09-13,18240.89,0.019533396194039376
2023-09-14,17928.21,-0.017141707449581656
2023-09-15,17723.25,-0.011432262339631127
2023-09-18,17886.49,0.009210500331485516
2023-09-19,18030.0,0.008023374066124633
2023-09-20,18292.09,0.01453632834165286
2023-09-21,18316.46,0.0013322698499733665
2023-09-22,18187.19,-0.007057586455024634
2023-09-25,18205.58,0.0010111512553616642
2023-09-26,18341.81,0.007482870636365213
2023-09-27,18246.42,-0.005200686300861457
2023-09-28,18096.36,-0.00822407902481681
2023-09-29,18109.68,0.0007360596274610387
2023-10-02,18011.46,-0.005423618749751613
2023-10-03,17994.38,-0.0009482851473450182
2023-10-04,17912.11,-0.004571983030257298
2023-10-05,18006.34,0.0052606867644291455
2023-10-06,17948.68,-0.0032022054454152737
2023-10-09,17881.22,-0.0037584936608151542
2023-10-10,17993.35,0.0062708249213419
2023-10-11,17838.99,-0.008578724917816638
2023-10-12,17715.56,-0.0069191136942170495
2023-10-13,17773.24,0.0032558948178889047
2023-10-16,17654.74,-0.006667326835174681
2023-10-17,17852.33,0.011191895207745883
2023-10-18,17707.44,-0.00811602743171358
2023-10-19,17698.56,-0.0005014841219282973
2023-10-20,17581.58,-0.00660957727634337
2023-10-23,17801.94,0.01253357206803929
2023-10-24,17657.02,-0.00814068579042504
2023-10-25,17945.04,0.016311925794952886
2023-10-26,17965.84,0.001159094657910975
2023-10-27,17947.25,-0.0010347414871778593
2023-10-30,17651.62,-0.016472161473206293
2023-10-31,17902.62,0.014219658025722337
2023-11-01,17985.8,0.004646247309053164
2023-11-02,17815.63,-0.009461352845022142
2023-11-03,17748.2,-0.0037848787834053876
2023-11-06,17517.72,-0.012986105633247313
2023-11-07,17414.77,-0.005876906355393285
2023-11-08,17406.75,-0.0004605286202459258
2023-11-09,17650.05,0.013977336378129035
2023-11-10,18022.49,0.021101356653380643
2023-11-13,18109.97,0.004853935277533861
2023-11-14,17889.06,-0.012198253227365896
2023-11-15,18242.27,0.019744469524949793
2023-11-16,17987.98,-0.013939602911260507
2023-11-17,18123.58,0.00753836728748869
2023-11-20,18141.98,0.001015251953532248
2023-11-21,18334.81,0.010628939068392906
2023-11-22,18230.41,-0.005694086821734223
2023-11-23,18394.31,0.008990472512686365
2023-11-24,18623.08,0.012436998180415548
2023-11-27,18694.63,0.0038420068001641106
2023-11-28,18705.54,0.000583590046981497
2023-11-29,18871.49,0.008871703249411667
2023-11-30,19089.15,0.01153380045772745
2023-12-01,19025.54,-0.0033322594248565984
2023-12-04,18935.92,-0.004710510187884376
2023-12-05,18845.16,-0.004793007152543827
2023-12-06,18510.3,-0.01776901867641345
2023-12-07,18661.21,0.008152758194086562
2023-12-08,18669.1,0.0004228021655616754
2023-12-11,18634.58,-0.0018490446781043168
2023-12-12,18575.85,-0.003151667491298582
2023-12-13,18651.43,0.004068723638487759
2023-12-14,18559.3,-0.004939567636368936
2023-12-15,18705.12,0.007856977364447904
2023-12-18,18656.25,-0.0026126536477713014
2023-12-19,18490.54,-0.00888227805695141
2023-12-20,18591.22,0.005444946442883847
2023-12-21,18468.16,-0.006619253604658648
2023-12-22,18466.26,-0.00010287976712364255
2023-12-25,18617.09,0.008167869400734107
2023-12-26,18633.36,0.0008739282025278516
2023-12-27,18658.77,0.001363683200453325
2023-12-28,18600.74,-0.003110065668851636
2023-12-29,18635.26,0.001855840143994092
2024-01-01,18549.12,-0.00462242007892566
2024-01-02,18638.25,0.004805079701894366
2024-01-03,18595.92,-0.002271135970383531
2024-01-04,18576.09,-0.0010663629441295397
2024-01-05,18432.33,-0.007738980592794209
2024-01-08,18519.39,0.004723222728759691
2024-01-09,18445.92,-0.003967193303883176
2024-01-10,18290.2,-0.008441975244389943
2024-01-11,18221.38,-0.0037626707198390452
2024-01-12,18352.06,0.007171794891495553
2024-01-15,18448.21,0.005239193856166446
2024-01-16,18121.95,-0.01768518463308899
2024-01-17,18027.78,-0.00519646064579149
2024-01-18,18250.11,0.012332633302603035
2024-01-19,18447.52,0.010816921103489197
2024-01-22,18267.84,-0.00974006262088345
2024-01-23,18411.51,0.007864640811392931
2024-01-24,18204.6,-0.01123807878875771
2024-01-25,18088.89,-0.006356085824461899
2024-01-26,17939.5,-0.008258660426372133
2024-01-29,18056.85,0.006541430920594227
2024-01-30,18070.38,0.0007493001270986177
2024-01-31,18154.2,0.004638530014310804
2024-02-01,17873.64,-0.015454275043791599
2024-02-02,18012.03,0.0077426869960455225
2024-02-05,18263.65,0.013969552571253985
2024-02-06,18308.39,0.0024496746269226932
2024-02-07,18617.53,0.016885154838847116
2024-02-08,18759.69,0.007635814203065694
2024-02-09,19048.41,0.015390446217394826
2024-02-12,19021.64,-0.0014053666421501854
2024-02-13,19080.74,0.0031069876204155022
2024-02-14,18984.07,-0.005066365350610225
2024-02-15,18768.67,-0.011346355128273422
2024-02-16,18653.02,-0.006161864426195263
2024-02-19,18705.47,0.002811877111588368
2024-02-20,18522.31,-0.009791788177468952
2024-02-21,18548.37,0.001406951940659651
2024-02-22,18229.55,-0.017188572365118837
2024-02-23,18188.91,-0.0022293474057231144
2024-02-26,18236.42,0.0026120311772392935
2024-02-27,18140.11,-0.00528119005813632
2024-02-28,18102.25,-0.002087087674771615
2024-02-29,18107.93,0.0003137731497466767
2024-03-01,18058.93,-0.0027059967649532
2024-03-04,18109.85,0.0028196576430608022
2024-03-05,17869.4,-0.013277304892089004
2024-03-06,17705.06,-0.0091967273663357
2024-03-07,17565.31,-0.007893223745076283
2024-03-08,17543.19,-0.001259300291312937
2024-03-11,17813.28,0.01539571765454295
2024-03-12,17906.49,0.005232612971895367
2024-03-13,17665.04,-0.01348393794652114
2024-03-14,17703.7,0.002188503394274788
2024-03-15,17632.35,-0.004030230968667725
2024-03-18,17575.17,-0.0032429029596168224
2024-03-19,17479.0,-0.005471924311400533
2024-03-20,17447.25,-0.0018164654728531904
2024-03-21,17201.88,-0.014063534367880215
2024-03-22,17192.88,-0.0005231986271267974
2024-03-25,17245.57,0.0030646407117365104
2024-03-26,17140.81,-0.006074603506871501
2024-03-27,17074.76,-0.0038533768240825994
2024-03-28,16916.57,-0.009264551888284123
2024-03-29,16868.45,-0.0028445482742659456
2024-04-01,16888.83,0.0012081726536818937
2024-04-02,16870.69,-0.0010740826925254021
2024-04-03,16969.37,0.005849197632106451
2024-04-04,17110.64,0.008324999690619173
2024-04-05,17036.23,-0.0043487560956223525
2024-04-08,17011.92,-0.0014269588987705362
2024-04-09,16866.83,-0.008528725740539422
2024-04-10,16808.29,-0.003470717378428634
2024-04-11,16823.41,0.0008995561118947393
2024-04-12,16935.63,0.006670466926740781
2024-04-15,16930.0,-0.0003324352267970454
2024-04-16,16980.84,0.003002953337271075
2024-04-17,16803.86,-0.01042233481971444
2024-04-18,16845.45,0.0024750265712758512
2024-04-19,16733.93,-0.006620185272581014
2024-04-22,16958.47,0.013418246640209519
2024-04-23,17220.58,0.015455993376761068
2024-04-24,17447.79,0.013194096830652535
2024-04-25,17324.95,-0.007040433200995677
2024-04-26,17426.62,0.005868415204661304
2024-04-29,17082.77,-0.01973130762018105
2024-04-30,17241.35,0.009283037821149476
2024-05-01,17244.51,0.0001832803115764392
2024-05-02,16997.14,-0.014344855261181566
2024-05-03,17089.16,0.005413851977450257
2024-05-06,17048.91,-0.0023552942333034954
2024-05-07,17008.18,-0.002389009033422096
2024-05-08,17089.87,0.004802983035221864
2024-05-09,17238.29,0.008684676946050685
2024-05-10,17284.24,0.0026655776181976343
2024-05-13,16969.97,-0.01818245985938638
2024-05-14,17014.9,0.002647618116001338
2024-05-15,16878.83,-0.007997108416740617
2024-05-16,16953.11,0.00440077896394464
2024-05-17,17005.88,0.0031127032149262934
2024-05-20,16968.51,-0.00219747522621605
2024-05-21,16955.82,-0.0007478558812764602
2024-05-22,16708.03,-0.01461386119928143
2024-05-23,16929.07,0.013229566860964548
2024-05-24,16972.13,0.002543553780568031
2024-05-27,17005.04,0.0019390612728042989
2024-05-28,17044.52,0.0023216646358961146
2024-05-29,16791.53,-0.014842893786390143
2024-05-30,16923.37,0.007851577551301281
2024-05-31,16863.56,-0.003534166067396649
2024-06-03,16875.43,0.0007038845890190437
2024-06-04,16788.29,-0.005163720272609362
2024-06-05,16616.34,-0.010242258145409688
2024-06-06,16538.08,-0.004709821777840295
2024-06-07,16507.71,-0.0018363679459769688
2024-06-10,16501.34,-0.00038588029472286234
2024-06-11,16428.76,-0.00439843067290302
2024-06-12,16409.74,-0.0011577258417553304
2024-06-13,16364.28,-0.002770305928064709
2024-06-14,16176.78,-0.011457882656615515
2024-06-17,16167.64,-0.0005650073747680562
2024-06-18,16158.44,-0.000569037905346681
2024-06-19,16061.79,-0.005981394243503635
2024-06-20,16179.78,0.0073460056444518695
2024-06-21,16173.76,-0.0003720693359242633
2024-06-24,16220.61,0.002896667194270286
2024-06-25,16101.93,-0.0073166175624714835
2024-06-26,16008.77,-0.005785641845418521
2024-06-27,15968.3,-0.002527989345839865
2024-06-28,15806.46,-0.010135080127502638
2024-07-01,15565.93,-0.01521719600720206
2024-07-02,15737.05,0.010993239722907555
2024-07-03,15660.24,-0.004880838530728404
2024-07-04,15639.34,-0.00133459001905456
2024-07-05,15674.19,0.0022283549050023943
2024-07-08,15645.06,-0.0018584692414728154
2024-07-09,15499.14,-0.009326905745327907
2024-07-10,15630.27,0.008460469419593775
2024-07-11,15567.93,-0.003988414787460481
2024-07-12,15648.16,0.005153543213516576
2024-07-15,15835.38,0.01196434596783269
2024-07-16,15673.47,-0.010224573076238141
2024-07-17,15784.67,0.007094791389526511
2024-07-18,15804.86,0.0012790891415532801
2024-07-19,15694.7,-0.006970007959577029
2024-07-22,15756.77,0.003954838257500981
2024-07-23,15777.69,0.0013276832751889511
2024-07-24,15706.33,-0.004522842063698795
2024-07-25,15960.67,0.016193471040020224
2024-07-26,16018.35,0.0036138833770762435
2024-07-29,15883.1,-0.008443441428112153
2024-07-30,15933.58,0.0031782208762771713
2024-07-31,15917.38,-0.0010167206616467084
2024-08-01,15777.82,-0.008767774596070477
2024-08-02,15755.2,-0.0014336581352809574
2024-08-05,15812.79,0.0036553011069362373
2024-08-06,15700.58,-0.007096154442068792
2024-08-07,15529.29,-0.010909788046046698
2024-08-08,15362.67,-0.010729402310086344
2024-08-09,15204.19,-0.010315915137147358
2024-08-12,15278.12,0.004862475409739053
2024-08-13,15336.63,0.0038296596701687946
2024-08-14,15228.61,-0.0070432683060097645
2024-08-15,15208.95,-0.0012909911016172337
2024-08-16,15053.53,-0.010218982901515239
2024-08-19,14981.01,-0.0048174747052684985
2024-08-20,14906.94,-0.004944259432441478
2024-08-21,14950.61,0.0029295080009714702
2024-08-22,15102.72,0.010174166806571794
2024-08-23,14975.16,-0.008446160691583993
2024-08-26,14880.97,-0.006289749157938895
2024-08-27,14921.39,0.002716220783994583
2024-08-28,14753.49,-0.011252302902075462
2024-08-29,14650.37,-0.006989532646173857
2024-08-30,14760.51,0.007517898865352812
2024-09-02,14916.24,0.010550448460114215
2024-09-03,14810.0,-0.007122438362482719
2024-09-04,14717.11,-0.006272113436866955
2024-09-05,14805.13,0.005980793783562088
2024-09-06,14928.9,0.008359940101843044
2024-09-09,14898.73,-0.0020209124583860927
2024-09-10,14819.8,-0.005297766990877806
2024-09-11,14888.06,0.004606000080972672
2024-09-12,14933.94,0.0030816640986133237
2024-09-13,14931.69,-0.00015066352215153955
2024-09-16,15160.16,0.015301014151780423
2024-09-17,15193.21,0.002180056147164544
2024-09-18,15054.54,-0.009127103488992705
2024-09-19,15108.71,0.0035982500959841346
2024-09-20,15026.52,-0.005439908503108382
2024-09-23,15008.09,-0.0012264982178176176
2024-09-24,15104.99,0.006456517784741322
2024-09-25,15214.41,0.007243963749727689
2024-09-26,14853.8,-0.023701872106772548
2024-09-27,14787.04,-0.004494472794840276
2024-09-30,14728.18,-0.003980512665144653
2024-10-01,14730.0,0.00012357263422901887
2024-10-02,14626.49,-0.007027155465037405
2024-10-03,14594.44,-0.0021912297482170606
2024-10-04,14587.3,-0.0004892274044089318
2024-10-07,14390.67,-0.013479533566869706
2024-10-08,14372.93,-0.0012327431592830118
2024-10-09,14490.4,0.008173002999388279
2024-10-10,14346.96,-0.009898967592336994
2024-10-11,14366.73,0.001377992271533568
2024-10-14,14379.72,0.000904172348196175
2024-10-15,14171.82,-0.014457861488262558
2024-10-16,14134.89,-0.0026058756038391806
2024-10-17,14128.86,-0.00042660395659244177
2024-10-18,14278.48,0.010589672485961321
2024-10-21,14240.13,-0.0026858601195646203
2024-10-22,14288.49,0.0033960364125888987
2024-10-23,14210.56,-0.005454040279973649
2024-10-24,14250.15,0.0027859563592145253
2024-10-25,14357.37,0.0075241313249334585
2024-10-28,14168.56,-0.013150737217192399
2024-10-29,14189.62,0.0014863895836980667
2024-10-30,14256.69,0.004726694583787383
2024-10-31,14246.14,-0.0007400034650399956
2024-11-01,14279.33,0.002329753884209973
2024-11-04,14373.15,0.006570336283284961
2024-11-05,14218.52,-0.010758254105745713
2024-11-06,14269.15,0.003560848808455308
2024-11-07,14414.19,0.010164585837278306
2024-11-08,14369.34,-0.0031115171924332996
2024-11-11,14300.81,-0.00476918216146327
2024-11-12,14232.26,-0.004793434777470629
2024-11-13,14272.7,0.0028414320705214546
2024-11-14,14445.88,0.012133653758573892
2024-11-15,14699.96,0.01758840582920529
2024-11-18,14897.22,0.013419084133562187
2024-11-19,14862.16,-0.0023534592360184847
2024-11-20,14764.86,-0.006546827648201803
2024-11-21,14586.66,-0.01206919672790674
2024-11-22,14647.02,0.0041380274853872745
2024-11-25,15010.84,0.024839182304659868
2024-11-26,15043.38,0.0021677667605544126
2024-11-27,15092.83,0.0032871601993700317
2024-11-28,15094.69,0.0001232373252730845
2024-11-29,15170.81,0.00504283294324015
2024-12-02,15100.92,-0.00460687333108778
2024-12-03,15148.34,0.003140206027182346
2024-12-04,15118.43,-0.0019744737707233506
2024-12-05,15184.85,0.004393313326846782
2024-12-06,15190.58,0.00037734979272108227
2024-12-09,15262.58,0.004739779521256038
2024-12-10,15156.27,-0.006965401655552261
2024-12-11,15299.43,0.009445595783131422
2024-12-12,15429.09,0.008474825532715835
2024-12-13,15398.71,-0.0019690078935310495
2024-12-16,15335.05,-0.004134112532803047
2024-12-17,15184.43,-0.009821943847590942
2024-12-18,15047.46,-0.009020424210852918
2024-12-19,15006.41,-0.002728035163409581
2024-12-20,15032.5,0.0017385903757127785
2024-12-23,15064.49,0.002128055878928947
2024-12-24,15288.32,0.014858119989458629
2024-12-25,15231.62,-0.0037087135800401017
2024-12-26,15162.79,-0.004518888995392434
2024-12-27,15158.44,-0.000286886516267848
2024-12-30,15052.32,-0.007000720390752613
2024-12-31,15249.27,0.01308436174622929
2025-01-01,15482.17,0.015272862241930252
2025-01-02,15590.37,0.006988684402767786
2025-01-03,15717.14,0.008131301566287386
2025-01-06,15703.81,-0.0008481186780801009
2025-01-07,15798.1,0.006004275395588676
2025-01-08,15968.03,0.010756356777080756
2025-01-09,15933.63,-0.002154304569818688
2025-01-10,16129.36,0.012284080903096184
2025-01-13,16133.9,0.00028147428044267286
2025-01-14,16128.6,-0.00032850085844082777
2025-01-15,16020.77,-0.006685639175129876
2025-01-16,16057.4,0.0022864069579675572
2025-01-17,16213.08,0.009695218403975803
2025-01-20,15923.37,-0.01786890584639067
2025-01-21,15975.8,0.0032926447102590295
2025-01-22,16078.7,0.006440992000400714
2025-01-23,16102.07,0.0014534757163202627
2025-01-24,15852.25,-0.01551477542949442
2025-01-27,15684.27,-0.010596603005882388
2025-01-28,15681.47,-0.00017852281298402772
2025-01-29,15475.43,-0.013139074334230116
2025-01-30,15827.04,0.02272053183659528
2025-01-31,16003.75,0.011165069400216332
2025-02-03,15876.03,-0.00798062953995149
2025-02-04,15997.59,0.007656826045302267
2025-02-05,16093.28,0.0059815259673488
2025-02-06,16053.21,-0.002489859121322824
2025-02-07,16190.65,0.008561527569875382
2025-02-10,15923.94,-0.016473087862439062
2025-02-11,15886.99,-0.0023204056282554175
2025-02-12,15826.68,-0.0037961879500144624
2025-02-13,16069.02,0.015312118523910234
2025-02-14,15950.73,-0.007361369890634295
2025-02-17,16048.15,0.006107557459752666
2025-02-18,15965.65,-0.005140779466792145
2025-02-19,16112.88,0.009221672778746859
2025-02-20,16063.67,-0.003054078476349309
2025-02-21,15912.29,-0.009423749367361234
2025-02-24,15915.96,0.00023063933601008557
2025-02-25,16033.96,0.007413941728931173
2025-02-26,16110.42,0.004768628585826606
2025-02-27,15922.25,-0.011680018273887316
2025-02-28,15722.71,-0.01253214840867345
2025-03-03,15647.53,-0.00478161843600744
2025-03-04,15529.22,-0.007560937732664641
2025-03-05,15422.27,-0.006887016862405115
2025-03-06,15371.45,-0.003295234748192044
2025-03-07,15453.5,0.005337817837614445
2025-03-10,15425.92,-0.0017847089656064519
2025-03-11,15284.25,-0.009183893083848482
2025-03-12,15177.11,-0.0070098303809477125
2025-03-13,15239.62,0.004118702440714994
2025-03-14,15233.0,-0.00043439403344702754
2025-03-17,15151.67,-0.005339066500361089
2025-03-18,15237.48,0.005663402120030359
2025-03-19,15345.82,0.007110099570270201
2025-03-20,15449.69,0.006768618425082584
2025-03-21,15444.27,-0.0003508161005172372
2025-03-24,15338.19,-0.006868566788847952
2025-03-25,15317.19,-0.001369131559851633
2025-03-26,15235.68,-0.00532147214991785
2025-03-27,14917.74,-0.020868120097035425
2025-03-28,14896.02,-0.001455984619654127
2025-03-31,14643.16,-0.016975004061487553
2025-04-01,14563.29,-0.00545442377191796
2025-04-02,14500.85,-0.004287492730008169
2025-04-03,14692.44,0.013212328932441952
2025-04-04,14557.4,-0.0091911214202679
2025-04-07,14592.18,0.002389162899968378
2025-04-08,14561.42,-0.0021079783829420773
2025-04-09,14623.43,0.004258513249394635
2025-04-10,14551.18,-0.004940701326569763
2025-04-11,14371.11,-0.012374941413686003
2025-04-14,14390.57,0.0013541055631749455
2025-04-15,14399.46,0.0006177656618187033
2025-04-16,14428.49,0.0020160478240156543
2025-04-17,14399.95,-0.001978030965125166
2025-04-18,14364.89,-0.0024347306761483
2025-04-21,14466.71,0.007088115537257744
2025-04-22,14558.29,0.006330395784528875
2025-04-23,14469.62,-0.0060906878486415295
2025-04-24,14458.93,-0.0007387892702088728
2025-04-25,14324.13,-0.009322958199534881
2025-04-28,14397.76,0.0051402772803654795
2025-04-29,14459.24,0.004270108683573026
2025-04-30,14634.81,0.012142408591322873
2025-05-01,14730.4,0.006531687121322349
2025-05-02,14759.0,0.0019415630261228056
2025-05-05,15081.25,0.021834135104004337
2025-05-06,15131.41,0.0033259842519683946
2025-05-07,15207.67,0.005039847575341705
2025-05-08,14991.01,-0.014246758379160007
2025-05-09,15098.24,0.007152953670233053
2025-05-12,15407.35,0.02047324721292032
2025-05-13,15450.9,0.0028265730317023063
2025-05-14,15557.82,0.006919985243577953
2025-05-15,15707.27,0.009606101626063346
2025-05-16,15948.39,0.015350853458302893
2025-05-19,16035.81,0.005481431041001628
2025-05-20,15836.88,-0.012405360253083586
2025-05-21,15874.16,0.00235399902000899
2025-05-22,15983.1,0.0068627253347579575
2025-05-23,16082.33,0.006208432656994001
2025-05-26,16069.92,-0.0007716543560540856
2025-05-27,16029.25,-0.00253081533697741
2025-05-28,15989.49,-0.002480465399192111
2025-05-29,15977.58,-0.0007448642827256879
2025-05-30,16002.37,0.0015515491081878885
2025-06-02,16081.24,0.004928644944467431
2025-06-03,16138.5,0.0035606706945483513
2025-06-04,16089.19,-0.0030554264646651674
2025-06-05,15940.9,-0.009216747393747005
2025-06-06,15997.98,0.0035807263077993756
2025-06-09,15967.7,-0.0018927389582934495
2025-06-10,16186.98,0.013732722934423736
2025-06-11,16316.11,0.007977399119539319
2025-06-12,16369.52,0.0032734518215431496
2025-06-13,16276.29,-0.005695341097356477
2025-06-16,16104.84,-0.010533727280602645
2025-06-17,16112.83,0.000496124146529775
2025-06-18,16139.8,0.001673821420569821
2025-06-19,15919.45,-0.013652585533897477
2025-06-20,15988.92,0.0043638442282867285
2025-06-23,16003.0,0.0008806098223019809
2025-06-24,15664.24,-0.02116853090045623
2025-06-25,15562.24,-0.006511646910415059
2025-06-26,15469.31,-0.005971505387399212
2025-06-27,15322.81,-0.009470364224390071
2025-06-30,15378.83,0.0036559873809047794
2025-07-01,15613.14,0.01523587945246807
2025-07-02,15679.98,0.004281009457418605
2025-07-03,15768.89,0.005670287844754984
2025-07-04,15676.47,-0.005860907140578742
2025-07-07,15749.54,0.004661125878466343
2025-07-08,15733.4,-0.0010247918351902197
2025-07-09,15741.0,0.0004830488006406508
2025-07-10,15670.84,-0.004457150117527453
2025-07-11,15476.97,-0.012371385324590145
2025-07-14,15601.39,0.00803904123352317
2025-07-15,15629.46,0.001799198661144974
2025-07-16,15607.59,-0.0013992805893484617
2025-07-17,15850.22,0.015545641575669178
2025-07-18,15728.9,-0.007654152434477202
2025-07-21,15819.12,0.005735938304649579
2025-07-22,16095.0,0.017439655303202573
2025-07-23,16157.99,0.003913637775706746
2025-07-24,16012.83,-0.008983790681885595
2025-07-25,16149.34,0.008525038984364519
2025-07-28,16085.02,-0.003982825304315818
2025-07-29,16011.91,-0.004545222822228467
2025-07-30,15901.57,-0.006891120422235719
2025-07-31,16122.72,0.013907431781893242
2025-08-01,16076.99,-0.0028363700417795012
2025-08-04,15963.92,-0.0070330329246954815
2025-08-05,16135.43,0.010743601822108761
2025-08-06,15934.59,-0.012447142716370152
2025-08-07,15950.57,0.0010028497752374577
2025-08-08,15869.54,-0.005080069238904916
2025-08-11,15956.12,0.005455734696783843
2025-08-12,15908.46,-0.002986941687578293
2025-08-13,15733.14,-0.011020551329292694
2025-08-14,15759.18,0.0016551050839184178
2025-08-15,15707.52,-0.003278089342211965
2025-08-18,15823.73,0.007398367151529861
2025-08-19,15839.96,0.001025674730294357
2025-08-20,16127.87,0.018176182263086593
2025-08-21,16062.16,-0.004074313595037737
2025-08-22,16224.87,0.010130019872794271
2025-08-25,16186.11,-0.0023889251500937014
2025-08-26,16177.77,-0.0005152565996400238
2025-08-27,16286.02,0.006691280689489432
2025-08-28,16168.6,-0.0072098646569266345
2025-08-29,16334.53,0.010262484074069489
2025-09-01,16435.26,0.006166691052635009
2025-09-02,16549.98,0.00698011470460469
2025-09-03,16685.24,0.008172819544193022
2025-09-04,16772.48,0.005228573277938908
2025-09-05,16874.21,0.006065292669897415
2025-09-08,17065.23,0.011320233658346002
2025-09-09,17074.14,0.000522114263915574
2025-09-10,17057.3,-0.000986286864228636
2025-09-11,17133.18,0.004448535231249995
2025-09-12,17155.4,0.001296898766020238
2025-09-15,17295.56,0.008170022267041332
2025-09-16,17570.14,0.0158757507707179
2025-09-17,17442.88,-0.007242970175536323
2025-09-18,17465.23,0.0012813251022765204
2025-09-19,17322.06,-0.008197429979450499
2025-09-22,17300.46,-0.001246964852910204
2025-09-23,17287.65,-0.0007404427396726643
2025-09-24,17240.75,-0.0027129193383717
2025-09-25,17377.23,0.00791612893870619
2025-09-26,17436.66,0.0034199927146041365
2025-09-29,17359.5,-0.004425159405528345
2025-09-30,17497.18,0.007931104006451806
2025-10-01,17489.17,-0.00045778805498952746
2025-10-02,17421.42,-0.0038738259162670596
2025-10-03,17284.96,-0.007832886182641774
2025-10-06,17086.94,-0.011456202386352143
2025-10-07,17030.11,-0.0033259319690943645
2025-10-08,17046.39,0.0009559538957761848
2025-10-09,17184.56,0.00810552850192936
2025-10-10,16907.35,-0.016131341157411216
2025-10-13,17175.59,0.01586528935640419
2025-10-14,17075.83,-0.005808242977388134
2025-10-15,17030.12,-0.002676883056343504
2025-10-16,16989.54,-0.002382836997038118
2025-10-17,16909.96,-0.004684058544257352
2025-10-20,16875.87,-0.0020159716522096804
2025-10-21,16850.99,-0.001474294362305284
2025-10-22,16838.03,-0.0007690942787339505
2025-10-23,17066.17,0.013549090956602283
2025-10-24,16971.86,-0.0055261373817322434
2025-10-27,17236.86,0.015614081190865381
2025-10-28,17322.25,0.004953918521122702
2025-10-29,17111.54,-0.012164124175554458
2025-10-30,17003.55,-0.006310945712659555
2025-10-31,16879.75,-0.007280832532030046
2025-11-03,16884.7,0.00029325078866704324
2025-11-04,17076.29,0.011346959081298458
2025-11-05,17198.7,0.00716841890129527
2025-11-06,17064.14,-0.007823847151238295
2025-11-07,17242.99,0.010481043873292295
2025-11-10,17104.47,-0.008033409518882761
2025-11-11,16988.07,-0.006805238630603672
2025-11-12,17142.78,0.009106979191868092
2025-11-13,17295.92,0.008933206866097443
2025-11-14,17420.04,0.007176258909615818
2025-11-17,17431.2,0.0006406414681021655
2025-11-18,17428.81,-0.00013711046858499998
2025-11-19,17270.71,-0.009071187304239503
2025-11-20,17277.18,0.00037462269935639725
2025-11-21,17190.35,-0.005025704426301125
2025-11-24,17173.44,-0.0009836914315298761
2025-11-25,17507.58,0.019456789088266646
2025-11-26,17562.38,0.003130072802751682
2025-11-27,17411.94,-0.00856603717719362
2025-11-28,17598.5,0.010714486725775574
2025-12-01,17801.56,0.011538483393471077
2025-12-02,18020.5,0.01229892211693806
2025-12-03,17958.85,-0.0034211037429594526
2025-12-04,17951.03,-0.0004354399084574023
2025-12-05,17774.98,-0.009807236687811138
2025-12-08,18011.98,0.013333348335694328
2025-12-09,18038.89,0.0014940056562353643
2025-12-10,17846.08,-0.01068857341000462
2025-12-11,18098.03,0.014117946350122645
2025-12-12,18006.31,-0.005067954910009442
2025-12-15,17956.77,-0.0027512577535320215
2025-12-16,17812.0,-0.008062140351522085
2025-12-17,17645.21,-0.009363911969458849
2025-12-18,17710.03,0.003673518195589587
2025-12-19,17617.69,-0.0052139945556275435
2025-12-22,17407.32,-0.011940839008973358
2025-12-23,17557.52,0.008628553964654007
2025-12-24,17638.41,0.004607142694412314
2025-12-25,17907.08,0.015232098584849973
2025-12-26,17861.01,-0.0025727254248042453
2025-12-29,17875.38,0.0008045457675687206
2025-12-30,17914.9,0.002210862090763932
2025-12-31,17943.93,0.0016204388525751234
2026-01-01,17989.44,0.00253623370131284
2026-01-02,17950.77,-0.002149594428731416
2026-01-05,17696.2,-0.014181564356292253
2026-01-06,17746.43,0.00283846249477282
2026-01-07,17838.7,0.005199355588701549
2026-01-08,17798.1,-0.002275950601781651
2026-01-09,18172.83,0.021054494580882377
2026-01-12,18110.58,-0.0034254433679289376
2026-01-13,18026.64,-0.004634859844356298
2026-01-14,18100.89,0.004118904022047287
2026-01-15,18144.4,0.002403749207912087
2026-01-16,17920.55,-0.012337139833778044
2026-01-19,18046.45,0.007025454017873356
2026-01-20,17987.7,-0.003255487921447142
2026-01-21,18179.71,0.010674516475146723
2026-01-22,18248.01,0.0037569356166846646
2026-01-23,18221.6,-0.0014472811007885111
2026-01-26,18421.61,0.010976533345041117
2026-01-27,18347.73,-0.004010507224938564
2026-01-28,18156.81,-0.01040564691108914
2026-01-29,17963.84,-0.01062796823891432
2026-01-30,18008.15,0.0024666218358659897
2026-02-02,18287.32,0.01550242529077095
2026-02-03,18274.68,-0.000691189304939166
2026-02-04,18397.52,0.006721868727660452
2026-02-05,18453.28,0.003030843287573415
2026-02-06,18399.73,-0.0029019231269453716
2026-02-09,18160.3,-0.013012690947095451
2026-02-10,18193.73,0.0018408286206725855
2026-02-11,18322.7,0.0070887058343727105
2026-02-12,18399.89,0.004212807064460922
2026-02-13,18357.52,-0.00230273115763191
2026-02-16,18286.91,-0.0038463801210620874
2026-02-17,18200.9,-0.004703364319067482
2026-02-18,18111.6,-0.004906350784851465
2026-02-19,18126.9,0.0008447624726695135
2026-02-20,18112.29,-0.0008059844761101331
2026-02-23,18196.12,0.0046283490381391346
2026-02-24,18060.73,-0.007440597226221812
2026-02-25,18065.44,0.0002607868009765202
2026-02-26,18068.86,0.00018931174662784045
2026-02-27,18002.35,-0.003680918442004799
2026-03-02,18056.33,0.0029984974183927537
2026-03-03,17933.37,-0.006809800219646167
2026-03-04,18118.0,0.010295332109915734
2026-03-05,18189.69,0.003956838503145876
2026-03-06,18279.69,0.00494785782495466
2026-03-09,18277.65,-0.00011159926672699161
2026-03-10,18237.19,-0.002213632496519069
2026-03-11,18138.31,-0.005421887911459922
2026-03-12,18023.65,-0.006321426858400758
2026-03-13,17807.85,-0.011973157490297592
2026-03-16,17829.89,0.0012376564268006263
2026-03-17,17940.74,0.006217088271436522
2026-03-18,17770.6,-0.009483443826731941
2026-03-19,17972.7,0.01137271673438156
2026-03-20,17751.17,-0.01232591652895798
2026-03-23,17884.32,0.007500914024258787
2026-03-24,17769.37,-0.006427417984021799
2026-03-25,17935.62,0.009355987297242407
2026-03-26,18056.63,0.006746909223099173
2026-03-27,18461.52,0.022423342561707305
2026-03-30,18376.27,-0.004617712951046293
2026-03-31,18051.34,-0.01768204320027955
2026-04-01,17782.44,-0.014896401042803542
2026-04-02,17760.9,-0.001211307334651357
2026-04-03,17793.29,0.00182366884561036
2026-04-06,17697.48,-0.005384614087670214
2026-04-07,17758.78,0.0034637699830710744
2026-04-08,17897.71,0.00782317253775311
2026-04-09,17992.09,0.005273300327248709
2026-04-10,17994.82,0.00015173334504225977
2026-04-13,17879.1,-0.006430739512815364
2026-04-14,18009.93,0.007317482423611965
2026-04-15,18223.56,0.011861789579415305
2026-04-16,18142.7,-0.004437113275342464
2026-04-17,17978.08,-0.009073621897512485
2026-04-20,18157.51,0.009980487349038114
2026-04-21,18214.04,0.0031133123429369913
2026-04-22,18267.78,0.002950471174983482
2026-04-23,18535.61,0.014661332685197648
2026-04-24,18274.07,-0.014110137189981886
2026-04-27,18251.07,-0.0012586139814502184
2026-04-28,18316.33,0.0035756807683058334
2026-04-29,18629.93,0.017121333804315464
2026-04-30,18631.29,7.300081106054179e-05
2026-05-01,18566.52,-0.003476409846017159
2026-05-04,18608.36,0.0022535186992500567
2026-05-05,18728.99,0.006482570199630722
2026-05-06,18921.78,0.01029366773114826
2026-05-07,19160.18,0.01259923749245595
2026-05-08,18871.35,-0.015074493037121828
2026-05-11,18762.08,-0.0057902587785185755
2026-05-12,18904.22,0.0075759190878623706
2026-05-13,18953.65,0.002614760090604129
2026-05-14,19030.41,0.00404987957464642
2026-05-15,18942.22,-0.004634161849376817
2026-05-18,18988.63,0.002450082408503418
2026-05-19,18961.65,-0.001420850266712237
2026-05-20,19044.55,0.004371982396046636
2026-05-21,19133.14,0.0046517245091115544
2026-05-22,19193.21,0.003139578762294093
2026-05-25,19245.64,0.0027316952192988353
2026-05-26,19228.08,-0.0009124144481553742
2026-05-27,19489.24,0.013582219337552104
2026-05-28,19677.97,0.009683805012406843
2026-05-29,19696.29,0.0009309903409751019
